date,timestamp,gasolina_95,gasoleoa,source,region,news_impact,has_news,news_category,news_sentiment,gasolina_lag_1,gasoleoa_lag_1,gasolina_lag_2,gasoleoa_lag_2,gasolina_lag_3,gasoleoa_lag_3,gasolina_lag_5,gasoleoa_lag_5,gasolina_lag_7,gasoleoa_lag_7,gasolina_ma_7,gasoleoa_ma_7,gasolina_ma_14,gasoleoa_ma_14,gasolina_ma_30,gasoleoa_ma_30,gasolina_volatility_7,gasoleoa_volatility_7,gasolina_volatility_14,gasoleoa_volatility_14,gasolina_volatility_30,gasoleoa_volatility_30,gasolina_trend_7,gasoleoa_trend_7,gasolina_trend_14,gasoleoa_trend_14,gasolina_trend_30,gasoleoa_trend_30,gasolina_momentum_7,gasoleoa_momentum_7,gasolina_95_rsi_14,gasoleoa_rsi_14,gasoleoa_gasolina_spread,spread_ma_7,spread_volatility_7,day_of_week,day_of_month,month,quarter,day_of_year,week_of_year,month_sin,month_cos,day_of_year_sin,day_of_year_cos,day_of_week_sin,day_of_week_cos,is_weekend,is_month_start,is_month_end,brent_usd_barrel,usd_eur_rate,spanish_cpi_expectation
2025-08-01,2025-08-01,1.4714,1.551,geoportal_toledo,Toledo,0.0,False,OPEC,0.0,1.4714,1.551,1.4714,1.551,1.4714,1.551,1.4714,1.551,1.4714,1.551,1.4714,1.551,1.4714,1.551,1.4714,1.551,0.0016970562748477628,0.010889444430272652,0.0016970562748477628,0.010889444430272652,0.0016970562748477628,0.010889444430272652,0.0,0.0,0.0,0.0,0.0,0.0,-0.0031000000000001027,-0.014499999999999957,0.0,0.0,0.0795999999999999,0.0795999999999999,0.009192388155425047,4,1,8,3,213,31,-0.8660254037844384,-0.5000000000000004,-0.5012418134457756,-0.8653072543632061,-0.433883739117558,-0.9009688679024191,0,1,0,74.64914289033351,1.0750739491448762,2.077630369708479
2025-08-02,2025-08-02,1.469,1.5356,geoportal_toledo,Toledo,0.0,False,OPEC,0.0,1.4714,1.551,1.4714,1.551,1.4714,1.551,1.4714,1.551,1.4714,1.551,1.4702000000000002,1.5433,1.4702000000000002,1.5433,1.4702000000000002,1.5433,0.0016970562748477628,0.010889444430272652,0.0016970562748477628,0.010889444430272652,0.0016970562748477628,0.010889444430272652,0.0012000000000000899,0.007699999999999818,0.0012000000000000899,0.007699999999999818,0.0012000000000000899,0.007699999999999818,-0.0031000000000001027,-0.014499999999999957,0.0,0.0,0.06659999999999999,0.07309999999999994,0.009192388155425047,5,2,8,3,214,31,-0.8660254037844384,-0.5000000000000004,-0.5160623910158526,-0.8565509959010037,-0.9749279121818236,-0.2225209339563146,1,1,0,71.58038934455459,1.085101233074976,2.137960200548236
2025-08-03,2025-08-03,1.4381,1.5437,geoportal_toledo,Toledo,0.0,False,OPEC,0.0,1.469,1.5356,1.4714,1.551,1.4714,1.551,1.4714,1.551,1.4714,1.551,1.4595,1.5434333333333334,1.4595,1.5434333333333334,1.4595,1.5434333333333334,0.018571752744423558,0.007703462424996402,0.018571752744423558,0.007703462424996402,0.018571752744423558,0.007703462424996402,0.021400000000000086,-0.0002666666666666373,0.021400000000000086,-0.0002666666666666373,0.021400000000000086,-0.0002666666666666373,-0.0031000000000001027,-0.014499999999999957,0.0,34.46808466636509,0.10560000000000014,0.08393333333333335,0.019857828011475395,6,3,8,3,215,31,-0.8660254037844384,-0.5000000000000004,-0.5307300481619331,-0.8475409228928312,-0.7818314824680299,0.6234898018587334,1,1,0,72.92652943623034,1.07034864635626,2.102946640170064
2025-08-04,2025-08-04,1.4609,1.5408,geoportal_toledo,Toledo,0.0,False,OPEC,0.0,1.4381,1.5437,1.469,1.5356,1.4714,1.551,1.4714,1.551,1.4714,1.551,1.45985,1.542775,1.45985,1.542775,1.45985,1.542775,0.015179920948410855,0.006426183418898957,0.015179920948410855,0.006426183418898957,0.015179920948410855,0.006426183418898957,-0.0010499999999999954,0.00197500000000006,-0.0010499999999999954,0.00197500000000006,-0.0010499999999999954,0.00197500000000006,-0.0031000000000001027,-0.014499999999999957,40.64171094016614,30.681817716942177,0.07989999999999986,0.08292499999999997,0.0163387831044217,0,4,8,3,216,32,-0.8660254037844384,-0.5000000000000004,-0.5452404385406507,-0.8382797052177745,0.0,1.0,0,0,0,72.03251133207402,1.0829410083216982,2.3595989013477143
2025-08-05,2025-08-05,1.4345,1.5416,geoportal_toledo,Toledo,0.0,False,OPEC,0.0,1.4609,1.5408,1.4381,1.5437,1.469,1.5356,1.4714,1.551,1.4714,1.551,1.45478,1.54254,1.45478,1.54254,1.45478,1.54254,0.01735934906613731,0.005589991055448905,0.01735934906613731,0.005589991055448905,0.01735934906613731,0.005589991055448905,0.020279999999999854,0.0009399999999999409,0.020279999999999854,0.0009399999999999409,0.020279999999999854,0.0009399999999999409,-0.0031000000000001027,-0.014499999999999957,27.636363468870627,32.72058763381307,0.10709999999999997,0.08775999999999998,0.017807386108017145,1,5,8,3,217,32,-0.8660254037844384,-0.5000000000000004,-0.5595892624101763,-0.828770087174504,0.7818314824680298,0.6234898018587336,0,0,0,74.11568295898294,1.0767414627670895,2.197859133413762
2025-08-06,2025-08-06,1.4401,1.5289,geoportal_toledo,Toledo,0.0,False,OPEC,0.0,1.4345,1.5416,1.4609,1.5408,1.4381,1.5437,1.4714,1.551,1.4714,1.551,1.4523333333333335,1.5402666666666667,1.4523333333333335,1.5402666666666667,1.4523333333333335,1.5402666666666667,0.016643156751850588,0.007483760195694742,0.016643156751850588,0.007483760195694742,0.016643156751850588,0.007483760195694742,0.01223333333333354,0.011366666666666747,0.01223333333333354,0.011366666666666747,0.01223333333333354,0.011366666666666747,-0.0031000000000001027,-0.014499999999999957,32.236095126655385,22.30576407560271,0.08879999999999999,0.08793333333333331,0.01593306833810325,2,6,8,3,218,32,-0.8660254037844384,-0.5000000000000004,-0.5737722679043243,-0.8190148866680802,0.9749279121818236,-0.22252093395631434,0,0,0,74.14945247913622,1.0792797160229695,2.301170336061997
2025-08-07,2025-08-07,1.4285,1.5446,geoportal_toledo,Toledo,0.0,False,OPEC,0.0,1.4401,1.5289,1.4345,1.5416,1.4609,1.5408,1.469,1.5356,1.4714,1.551,1.4489285714285713,1.5408857142857144,1.4489285714285713,1.5408857142857144,1.4489285714285713,1.5408857142857144,0.017662834265364014,0.0070252944354497115,0.017662834265364014,0.0070252944354497115,0.017662834265364014,0.0070252944354497115,0.02042857142857124,-0.003714285714285559,0.02042857142857124,-0.003714285714285559,0.02042857142857124,-0.003714285714285559,-0.0031000000000001027,-0.014499999999999957,28.485456169109156,44.244603759510454,0.11609999999999987,0.09195714285714282,0.018024692058660093,3,7,8,3,219,32,-0.8660254037844384,-0.5000000000000004,-0.5877852522924734,-0.8090169943749472,0.43388373911755823,-0.900968867902419,0,0,0,73.94670560517322,1.0711936402125233,2.349770675812259
2025-08-08,2025-08-08,1.4683,1.5365,geoportal_toledo,Toledo,0.0,False,OPEC,0.0,1.4285,1.5446,1.4401,1.5289,1.4345,1.5416,1.4381,1.5437,1.4714,1.551,1.4484857142857142,1.5388142857142857,1.4513500000000001,1.5403375,1.4513500000000001,1.5403375,0.017033146956393515,0.005523111614367444,0.017728911013209107,0.0066864334930620325,0.017728911013209107,0.0066864334930620325,-0.019814285714285784,0.002314285714285713,-0.0169499999999998,0.003837499999999938,-0.0169499999999998,0.003837499999999938,-0.0031000000000001027,-0.014499999999999957,48.888888608522464,38.618523847805136,0.06820000000000004,0.09032857142857141,0.019758855760199794,4,8,8,3,220,32,-0.8660254037844384,-0.5000000000000004,-0.6016240632249227,-0.7987793728863648,-0.433883739117558,-0.9009688679024191,0,0,0,70.99048312274392,1.079938567419316,2.131840196130041
2025-08-09,2025-08-09,1.444,1.5596,geoportal_toledo,Toledo,0.0,False,OPEC,0.0,1.4683,1.5365,1.4285,1.5446,1.4401,1.5289,1.4609,1.5408,1.469,1.5356,1.4449142857142856,1.5422428571428572,1.4505333333333335,1.5424777777777778,1.4505333333333335,1.5424777777777778,0.014438193397078145,0.009331462397512487,0.016763874850403815,0.008963645711675829,0.016763874850403815,0.008963645711675829,0.0009142857142856453,-0.01735714285714285,0.006533333333333502,-0.01712222222222226,0.006533333333333502,-0.01712222222222226,-0.025000000000000133,0.02400000000000002,41.63614140737159,54.95391648089264,0.11560000000000015,0.09732857142857143,0.018596927549617302,5,9,8,3,221,32,-0.8660254037844384,-0.5000000000000004,-0.6152845999633277,-0.7883050558305253,-0.9749279121818236,-0.2225209339563146,1,0,0,71.07501499279351,1.0726999715505274,2.186268813207722
2025-08-10,2025-08-10,1.4424,1.5388,geoportal_toledo,Toledo,0.0,False,OPEC,0.0,1.444,1.5596,1.4683,1.5365,1.4285,1.5446,1.4345,1.5416,1.4381,1.5437,1.4455285714285713,1.5415428571428573,1.44972,1.5421099999999999,1.44972,1.5421099999999999,0.014189281669123229,0.009387555085121447,0.0160130363558363,0.008530657132431889,0.0160130363558363,0.008530657132431889,0.0031285714285713695,0.00274285714285738,0.007319999999999993,0.003309999999999924,0.007319999999999993,0.003309999999999924,0.0042999999999999705,-0.0049000000000001265,41.23337339036649,44.330854606590606,0.09640000000000004,0.0960142857142857,0.018236541025409093,6,10,8,3,222,32,-0.8660254037844384,-0.5000000000000004,-0.6287628145958345,-0.7775971469736268,-0.7818314824680299,0.6234898018587334,1,0,0,75.2428635639165,1.0894842737274728,2.323214438649133
2025-08-11,2025-08-11,1.4521,1.5436,geoportal_toledo,Toledo,0.0,False,OPEC,0.0,1.4424,1.5388,1.444,1.5596,1.4683,1.5365,1.4401,1.5289,1.4609,1.5408,1.4442714285714284,1.541942857142857,1.4499363636363638,1.5422454545454547,1.4499363636363638,1.5422454545454547,0.01293479986776175,0.009410252767213871,0.015208239393649316,0.008105351767365022,0.015208239393649316,0.008105351767365022,-0.007828571428571518,-0.0016571428571430236,-0.0021636363636361455,-0.001354545454545386,-0.0021636363636361455,-0.001354545454545386,-0.008800000000000141,0.0028000000000001357,44.48886322708307,46.708184596272304,0.09150000000000014,0.0976714285714286,0.017014279716923476,0,11,8,3,223,33,-0.8660254037844384,-0.5000000000000004,-0.6420547132365636,-0.7666588193001592,0.0,1.0,0,0,0,75.29399959586253,1.075233818679737,2.3041781361241824
2025-08-12,2025-08-12,1.4581,1.5284,geoportal_toledo,Toledo,0.0,False,OPEC,0.0,1.4521,1.5436,1.4424,1.5388,1.444,1.5596,1.4285,1.5446,1.4345,1.5416,1.4476428571428575,1.5400571428571428,1.4506166666666667,1.5410916666666665,1.4506166666666667,1.5410916666666665,0.01303864220216939,0.010721607022403682,0.014690741260667542,0.008700518096729353,0.014690741260667542,0.008700518096729353,-0.010457142857142498,0.01165714285714281,-0.007483333333333286,0.012691666666666546,-0.007483333333333286,0.012691666666666546,0.023599999999999843,-0.0132000000000001,46.32799527557372,41.144200240023274,0.07030000000000003,0.09241428571428575,0.019164848775073292,1,12,8,3,224,33,-0.8660254037844384,-0.5000000000000004,-0.655156357209085,-0.7554933140726804,0.7818314824680298,0.6234898018587336,0,0,0,71.2676233956307,1.0745648009786268,2.086761093095984
2025-08-13,2025-08-13,1.4387,1.5223,geoportal_toledo,Toledo,0.0,False,OPEC,0.0,1.4581,1.5284,1.4521,1.5436,1.4424,1.5388,1.4683,1.5365,1.4401,1.5289,1.447442857142857,1.5391142857142857,1.4497,1.5396461538461539,1.4497,1.5396461538461539,0.01318355758041782,0.012071513101986307,0.014448413984471368,0.009826207761611716,0.014448413984471368,0.009826207761611716,0.008742857142856941,0.01681428571428567,0.010999999999999899,0.0173461538461539,0.010999999999999899,0.0173461538461539,-0.0013999999999998458,-0.006599999999999939,41.845386262349116,39.26701532500293,0.0835999999999999,0.0916714285714286,0.019427275867167988,2,13,8,3,225,33,-0.8660254037844384,-0.5000000000000004,-0.6680638642135333,-0.7441039398713608,0.9749279121818236,-0.22252093395631434,0,0,0,76.64076566097677,1.0848533150775426,2.3069061220662173
2025-08-14,2025-08-14,1.4207,1.5437,geoportal_toledo,Toledo,0.0,False,OPEC,0.0,1.4387,1.5223,1.4581,1.5284,1.4521,1.5436,1.444,1.5596,1.4285,1.5446,1.4463285714285714,1.5389857142857142,1.4476285714285715,1.5399357142857144,1.4476285714285715,1.5399357142857144,0.01522330606731171,0.012007973541419347,0.015898738632668063,0.00950268036218906,0.015898738632668063,0.00950268036218906,0.025628571428571334,-0.004714285714285893,0.026928571428571413,-0.0037642857142856645,0.026928571428571413,-0.0037642857142856645,-0.007800000000000029,-0.0008999999999999009,38.39816909035498,47.646679131493606,0.123,0.0926571428571429,0.020985856915460743,3,14,8,3,226,33,-0.8660254037844384,-0.5000000000000004,-0.680773409477016,-0.732494071613579,0.43388373911755823,-0.900968867902419,0,0,0,75.30578946728416,1.086237183653661,2.293722194476307
2025-08-15,2025-08-15,1.4644,1.5434,geoportal_toledo,Toledo,0.0,False,OPEC,0.0,1.4207,1.5437,1.4387,1.5223,1.4581,1.5284,1.4424,1.5388,1.4683,1.5365,1.4457714285714283,1.5399714285714288,1.4471285714285715,1.5393928571428572,1.4487466666666668,1.5401666666666667,0.014330354064678549,0.012053037554314375,0.015187820452911999,0.009027178133555617,0.015920645476266135,0.009200595218840573,-0.01862857142857166,-0.0034285714285713365,-0.017271428571428382,-0.004007142857142876,-0.015653333333333075,-0.0032333333333334213,-0.0039000000000000146,0.006900000000000128,48.6651408538093,47.554697126276935,0.07900000000000018,0.09420000000000006,0.019209980045105032,4,15,8,3,227,33,-0.8660254037844384,-0.5000000000000004,-0.6932812268869771,-0.7206671495538615,-0.433883739117558,-0.9009688679024191,0,0,0,72.23483123739298,1.0768006949913174,2.159022162385664
2025-08-16,2025-08-16,1.4362,1.5472,geoportal_toledo,Toledo,0.0,False,OPEC,0.0,1.4644,1.5434,1.4207,1.5437,1.4387,1.5223,1.4521,1.5436,1.444,1.5596,1.4446571428571429,1.5381999999999998,1.4447857142857143,1.5402214285714284,1.4479625,1.54060625,0.014787027776946677,0.009279547402756128,0.014040976140888981,0.00918327732444043,0.015697383009066663,0.009060865944636102,0.00845714285714294,-0.009000000000000119,0.008585714285714419,-0.006978571428571501,0.01176250000000012,-0.006593749999999954,-0.007800000000000029,-0.012400000000000189,44.30555534018129,54.03337916796424,0.11099999999999999,0.09354285714285718,0.018418275085980672,5,16,8,3,228,33,-0.8660254037844384,-0.5000000000000004,-0.7055836101071774,-0.70862667826446,-0.9749279121818236,-0.2225209339563146,1,0,0,74.09408343072363,1.0844925983556835,2.180993830195409
2025-08-17,2025-08-17,1.4426,1.519,geoportal_toledo,Toledo,0.0,False,OPEC,0.0,1.4362,1.5472,1.4644,1.5434,1.4207,1.5437,1.4581,1.5284,1.4424,1.5388,1.4446857142857144,1.5353714285714286,1.445107142857143,1.5384571428571427,1.4476470588235293,1.539335294117647,0.01478213207123487,0.011753965896058845,0.013927198861647323,0.010709428935842848,0.015254471379199771,0.010219035006818795,0.0020857142857142463,0.016371428571428703,0.002507142857142819,0.01945714285714284,0.0050470588235291824,0.020335294117647118,0.00020000000000020002,-0.01980000000000004,50.8538896728826,42.46491726997629,0.0763999999999998,0.09068571428571429,0.01942493488375432,6,17,8,3,229,33,-0.8660254037844384,-0.5000000000000004,-0.7176769136759615,-0.6963762255968726,-0.7818314824680299,0.6234898018587334,1,0,0,75.23147489061637,1.0834604326143678,2.2239850157852588
2025-08-18,2025-08-18,1.4346,1.504,geoportal_toledo,Toledo,0.0,False,OPEC,0.0,1.4426,1.519,1.4362,1.5472,1.4644,1.5434,1.4387,1.5223,1.4521,1.5436,1.4421857142857142,1.5297142857142858,1.4432285714285713,1.5358285714285713,1.4469222222222222,1.5373722222222221,0.014799034717556147,0.015923612296568634,0.01339675210761811,0.01407690025819325,0.01511514844182161,0.012948032126455044,0.007585714285714085,0.0257142857142858,0.008628571428571208,0.03182857142857132,0.012322222222222123,0.033372222222222137,-0.01749999999999985,-0.03960000000000008,44.712504774437036,39.54545423088848,0.0693999999999999,0.0875285714285714,0.02100243750026129,0,18,8,3,230,34,-0.8660254037844384,-0.5000000000000004,-0.7295575540864876,-0.6839194216246105,0.0,1.0,0,0,0,74.37513829150333,1.0766854531385,2.1414580881727603
2025-08-19,2025-08-19,1.4314,1.5645,geoportal_toledo,Toledo,0.0,False,OPEC,0.0,1.4346,1.504,1.4426,1.519,1.4362,1.5472,1.4207,1.5437,1.4581,1.5284,1.4383714285714286,1.5348714285714284,1.4430071428571427,1.5374642857142857,1.4461052631578948,1.5388000000000002,0.013387147354299243,0.02058929449056105,0.013576533163781405,0.015998442575299768,0.015114763705442005,0.014038162272890273,0.006971428571428628,-0.02962857142857156,0.011607142857142705,-0.027035714285714274,0.014705263157894777,-0.025699999999999834,-0.026699999999999946,0.03610000000000002,49.312638274777385,54.857869848107676,0.1331,0.09649999999999996,0.025374330861456587,1,19,8,3,231,34,-0.8660254037844384,-0.5000000000000004,-0.7412220108485957,-0.6712599575675315,0.7818314824680298,0.6234898018587336,0,0,0,70.73210283799138,1.0839300669440417,2.2696966333710926
2025-08-20,2025-08-20,1.4333,1.5264,geoportal_toledo,Toledo,0.0,False,OPEC,0.0,1.4314,1.5645,1.4346,1.504,1.4426,1.519,1.4644,1.5434,1.4387,1.5223,1.4376,1.5354571428571429,1.4425214285714287,1.5372857142857144,1.445465,1.53818,0.01351998520709277,0.02022719762620426,0.013808201496626288,0.016114916985530796,0.01498768880746714,0.013942234208936593,0.0042999999999999705,0.009057142857142875,0.009221428571428714,0.010885714285714387,0.012164999999999981,0.011780000000000124,-0.005400000000000071,0.0040999999999999925,48.46708716026186,49.521255958139584,0.09309999999999996,0.09785714285714284,0.024817323058894263,2,20,8,3,232,34,-0.8660254037844384,-0.5000000000000004,-0.7526668275320083,-0.6584015846980489,0.9749279121818236,-0.22252093395631434,0,0,0,72.73524384642226,1.0842406972612557,1.9388314539024416
2025-08-21,2025-08-21,1.4431,1.5344,geoportal_toledo,Toledo,0.0,False,OPEC,0.0,1.4333,1.5264,1.4314,1.5645,1.4346,1.504,1.4362,1.5472,1.4207,1.5437,1.4407999999999999,1.5341285714285713,1.4435642857142856,1.536557142857143,1.445352380952381,1.538,0.011326223259910584,0.019898300956422914,0.01320597808353703,0.015988876627961574,0.014617305464675118,0.01361422050651449,-0.0023000000000001908,-0.00027142857142870014,0.00046428571428558385,0.0021571428571429685,0.0022523809523808946,0.0036000000000000476,0.022399999999999975,-0.009300000000000086,53.31818147888429,47.98737147915423,0.09129999999999994,0.0933285714285714,0.022221139656170844,3,21,8,3,233,34,-0.8660254037844384,-0.5000000000000004,-0.7638886127905429,-0.64534811322955,0.43388373911755823,-0.900968867902419,0,0,0,71.4250381473466,1.0838513053431065,2.191144309267137
2025-08-22,2025-08-22,1.4388,1.5397,geoportal_toledo,Toledo,0.0,False,OPEC,0.0,1.4431,1.5344,1.4333,1.5264,1.4314,1.5645,1.4426,1.519,1.4644,1.5434,1.4371428571428573,1.5335999999999999,1.4414571428571428,1.5367857142857144,1.4450545454545454,1.5380772727272727,0.004529848100050716,0.01965867069090211,0.011148833280504667,0.01601085483437635,0.014333268901496244,0.013291061508296308,-0.0016571428571428015,-0.006100000000000216,0.0026571428571426914,-0.002914285714285647,0.0062545454545452905,-0.0016227272727273867,-0.025599999999999845,-0.0037000000000000366,42.00541973546028,50.63846739467738,0.10089999999999999,0.0964571428571428,0.021393835338157408,4,22,8,3,234,34,-0.8660254037844384,-0.5000000000000004,-0.7748840413670406,-0.6321034111873488,-0.433883739117558,-0.9009688679024191,0,0,0,70.76273671326959,1.081430170731109,2.211791975833052
2025-08-23,2025-08-23,1.438,1.5193,geoportal_toledo,Toledo,0.0,False,OPEC,0.0,1.4388,1.5397,1.4431,1.5344,1.4333,1.5264,1.4346,1.504,1.4362,1.5472,1.4374,1.5296142857142858,1.4410285714285713,1.5339071428571427,1.4447478260869564,1.5372608695652175,0.004518480570576315,0.019266155867343256,0.011158882531000343,0.015195569409216993,0.014080769270217756,0.013562908615727539,-0.0005999999999999339,0.01031428571428572,0.0030285714285713805,0.014607142857142597,0.006747826086956454,0.017960869565217363,0.0018000000000000238,-0.027899999999999814,48.136645544153396,41.87172223226943,0.08130000000000015,0.09221428571428568,0.020969853645287157,5,23,8,3,235,34,-0.8660254037844384,-0.5000000000000004,-0.7856498550787144,-0.6186714032625032,-0.9749279121818236,-0.2225209339563146,1,0,0,70.22026114578965,1.0750902023620557,2.2558648912015227
2025-08-24,2025-08-24,1.4492,1.5415,geoportal_toledo,Toledo,0.0,False,OPEC,0.0,1.438,1.5193,1.4388,1.5397,1.4431,1.5344,1.4314,1.5645,1.4426,1.519,1.4383428571428571,1.5328285714285717,1.4415142857142857,1.5341000000000002,1.4449333333333334,1.5374375,0.006170860864541655,0.01907613817362015,0.011369179467237152,0.015279347549501686,0.013801218177697491,0.0132929799224023,-0.010857142857142899,-0.008671428571428441,-0.007685714285714296,-0.007399999999999851,-0.004266666666666641,-0.00406250000000008,0.006599999999999939,0.022500000000000187,51.99296557567324,50.54151596166019,0.09230000000000005,0.09448571428571428,0.019799867724425886,6,24,8,3,236,34,-0.8660254037844384,-0.5000000000000004,-0.7961828637826154,-0.6050560696488494,-0.7818314824680299,0.6234898018587334,1,0,0,74.50372814814752,1.0746662426376716,2.1901695824979432
2025-08-25,2025-08-25,1.449,1.5195,geoportal_toledo,Toledo,0.0,False,OPEC,0.0,1.4492,1.5415,1.438,1.5193,1.4388,1.5397,1.4333,1.5264,1.4346,1.504,1.4404,1.5350428571428572,1.4412928571428572,1.5323785714285714,1.4450960000000002,1.5367199999999999,0.00705242275155659,0.01578837728022911,0.01117569232312273,0.015482952340778402,0.013535092660685227,0.013498549304770952,-0.008600000000000163,0.01554285714285708,-0.007707142857142912,0.012878571428571295,-0.0039039999999999075,0.01721999999999979,0.014399999999999968,0.01550000000000007,49.0378642541713,45.47842377609834,0.07050000000000001,0.09464285714285715,0.019570629111235107,0,25,8,3,237,35,-0.8660254037844384,-0.5000000000000004,-0.8064799463209447,-0.5912614448635783,0.0,1.0,0,0,0,70.22239111967204,1.078934882828591,2.243609687509875
2025-08-26,2025-08-26,1.4323,1.5463,geoportal_toledo,Toledo,0.0,False,OPEC,0.0,1.449,1.5195,1.4492,1.5415,1.438,1.5193,1.4431,1.5344,1.4314,1.5645,1.4405285714285714,1.5324428571428572,1.4394500000000001,1.533657142857143,1.4446038461538462,1.5370884615384617,0.006866759130214747,0.010857540719527195,0.010282528123734501,0.015863538953583774,0.01349697686948402,0.013358602529398824,0.008228571428571474,-0.01385714285714279,0.007150000000000212,-0.012642857142856956,0.012303846153846276,-0.009211538461538327,0.0008999999999999009,-0.018199999999999994,42.491268571083964,53.21826654259054,0.1140000000000001,0.09191428571428574,0.013794253461910455,1,26,8,3,238,35,-0.8660254037844384,-0.5000000000000004,-0.8165380514459157,-0.5772916165517278,0.7818314824680298,0.6234898018587336,0,0,0,71.21278441150146,1.0774722953842852,2.3880123507132507
2025-08-27,2025-08-27,1.4317,1.5017,geoportal_toledo,Toledo,0.0,False,OPEC,0.0,1.4323,1.5463,1.449,1.5195,1.4492,1.5415,1.4388,1.5397,1.4333,1.5264,1.4403000000000001,1.528914285714286,1.43895,1.5321857142857145,1.4441259259259258,1.535777777777778,0.007167519329122192,0.01596229187506498,0.010489903570723777,0.017831340479523835,0.013465842616744028,0.01476386788317322,0.008600000000000163,0.027214285714285857,0.007249999999999979,0.03048571428571445,0.01242592592592584,0.03407777777777787,-0.0016000000000000458,-0.024699999999999944,47.71241786406935,46.74668330560532,0.07000000000000006,0.08861428571428576,0.01604311156139695,2,27,8,3,239,35,-0.8660254037844384,-0.5000000000000004,-0.8263541987239094,-0.5631507242749189,0.9749279121818236,-0.22252093395631434,0,0,0,72.95568660962886,1.0782121768664494,2.245247094844311
2025-08-28,2025-08-28,1.4479,1.5262,geoportal_toledo,Toledo,0.0,False,OPEC,0.0,1.4317,1.5017,1.4323,1.5463,1.449,1.5195,1.438,1.5193,1.4431,1.5344,1.4409857142857143,1.5277428571428573,1.4408928571428572,1.5309357142857143,1.4442607142857145,1.5354357142857142,0.007690563172145993,0.015792599231165057,0.009301320360011611,0.017573608146783787,0.01323335682297711,0.014600512783631005,-0.006914285714285651,0.0015428571428572901,-0.007007142857142767,0.0047357142857142875,-0.0036392857142855117,0.009235714285714236,0.0047999999999999154,-0.008199999999999985,58.99470844846164,47.26305891095312,0.07830000000000004,0.08675714285714291,0.016428213246612988,3,28,8,3,240,35,-0.8660254037844384,-0.5000000000000004,-0.8359254794186365,-0.5488429582847199,0.43388373911755823,-0.900968867902419,0,0,1,71.41909392146022,1.0826212593276117,2.2320460063301484
2025-08-29,2025-08-29,1.4451,1.5658,geoportal_toledo,Toledo,0.0,False,OPEC,0.0,1.4479,1.5262,1.4317,1.5017,1.4323,1.5463,1.4492,1.5415,1.4388,1.5397,1.4418857142857142,1.5314714285714286,1.4395142857142855,1.5325357142857143,1.4442896551724138,1.5364827586206897,0.007760461449216001,0.021230851316399225,0.006582010114156908,0.019688208385999773,0.012995832981261696,0.015406308285094412,-0.003214285714285836,-0.034328571428571486,-0.005585714285714527,-0.033264285714285746,-0.0008103448275862402,-0.029317241379310355,0.006299999999999972,0.026100000000000012,41.25113274930576,53.119776951622036,0.12070000000000003,0.08958571428571435,0.020475223122221692,4,29,8,3,241,35,-0.8660254037844384,-0.5000000000000004,-0.8452490573530633,-0.5343725582809785,-0.433883739117558,-0.9009688679024191,0,0,1,74.69814331449544,1.0890630191743547,2.0770264363315674
2025-08-30,2025-08-30,1.432,1.5513,geoportal_toledo,Toledo,0.0,False,OPEC,0.0,1.4451,1.5658,1.4479,1.5262,1.4317,1.5017,1.449,1.5195,1.438,1.5193,1.4410285714285713,1.5360428571428575,1.4392142857142858,1.5328285714285717,1.44388,1.5369766666666667,0.008552137020596356,0.021614952937172693,0.006835524530305073,0.019951843121778143,0.012965428833154286,0.015378168209226474,0.009028571428571386,-0.015257142857142414,0.00721428571428584,-0.01847142857142825,0.011880000000000113,-0.014323333333333244,-0.006000000000000005,0.031999999999999806,47.794116944204184,50.55450346016688,0.11929999999999996,0.09501428571428575,0.02281596141384568,5,30,8,3,242,35,-0.8660254037844384,-0.5000000000000004,-0.8543221697498269,-0.5197438121555157,-0.9749279121818236,-0.2225209339563146,1,0,1,70.81261999416914,1.0888035322462262,2.04017656201081
2025-08-31,2025-08-31,1.4192,1.5635,geoportal_toledo,Toledo,0.0,False,OPEC,0.0,1.432,1.5513,1.4451,1.5658,1.4479,1.5262,1.4323,1.5463,1.4492,1.5415,1.436742857142857,1.5391857142857144,1.4375428571428572,1.5360071428571427,1.4421399999999998,1.5373933333333334,0.010954277268546891,0.024007667426013964,0.00858179775730352,0.02109146616655525,0.012643509988432406,0.015930645663762885,0.017542857142857082,-0.02431428571428551,0.018342857142857216,-0.027492857142857208,0.02293999999999974,-0.0261066666666665,-0.030000000000000027,0.021999999999999797,38.48425143820913,56.29064156401781,0.14429999999999987,0.10244285714285715,0.029322451986083777,6,31,8,3,243,35,-0.8660254037844384,-0.5000000000000004,-0.8631421280499115,-0.5049610547215202,-0.7818314824680299,0.6234898018587334,1,0,1,71.80354129476446,1.0935437511239567,2.1886645170777377
2025-09-01,2025-09-01,1.4218,1.5256,geoportal_toledo,Toledo,0.0,False,OPEC,0.0,1.4192,1.5635,1.432,1.5513,1.4451,1.5658,1.4317,1.5017,1.449,1.5195,1.432857142857143,1.5400571428571428,1.4366285714285714,1.53755,1.4405666666666668,1.53706,0.010703092565992728,0.023273508340518556,0.009547003442194947,0.01928246513126525,0.012111389149327257,0.0160734435080631,0.011057142857143099,0.014457142857142724,0.014828571428571413,0.011949999999999905,0.01876666666666682,0.011460000000000026,-0.027200000000000113,0.006099999999999994,43.347192716360965,52.86776400951973,0.10380000000000011,0.10720000000000003,0.025761469937356667,0,1,9,3,244,36,-1.0,-1.8369701987210297e-16,-0.8717063187093217,-0.4900286664290594,0.0,1.0,0,1,0,71.60623838549083,1.0785044440102465,2.2840722389143293
2025-09-02,2025-09-02,1.4227,1.5453,geoportal_toledo,Toledo,0.0,False,OPEC,0.0,1.4218,1.5256,1.4192,1.5635,1.432,1.5513,1.4479,1.5262,1.4323,1.5463,1.431485714285714,1.5399142857142858,1.436007142857143,1.5361785714285714,1.4400533333333334,1.5371133333333333,0.01138001590090199,0.02323183366069264,0.010175949344162074,0.017847653522626895,0.012538375117004529,0.01609886981112033,0.008785714285713953,-0.005385714285714105,0.013307142857142962,-0.009121428571428503,0.01735333333333333,-0.008186666666666564,-0.009599999999999831,-0.001000000000000112,45.3674114641707,47.14115525313394,0.12259999999999982,0.10842857142857142,0.026338420244053702,1,2,9,3,245,36,-1.0,-1.8369701987210297e-16,-0.8800122039735356,-0.4749510720670502,0.7818314824680298,0.6234898018587336,0,1,0,71.49441047884063,1.0851680009871996,2.131445686025172
2025-09-03,2025-09-03,1.4231,1.5065,geoportal_toledo,Toledo,0.0,False,OPEC,0.0,1.4227,1.5453,1.4218,1.5256,1.4192,1.5635,1.4451,1.5658,1.4317,1.5017,1.4302571428571427,1.5405999999999997,1.4352785714285712,1.5347571428571427,1.4387933333333334,1.5359699999999998,0.011809157060358398,0.021951461606614327,0.01073450071007093,0.019410374477650823,0.012267589295637656,0.017019667122641257,0.00715714285714264,0.0340999999999998,0.01217857142857115,0.02825714285714276,0.015693333333333337,0.029469999999999885,-0.008599999999999941,0.0047999999999999154,44.48051880657225,47.043090443208534,0.08339999999999992,0.1103428571428571,0.023403337165374283,2,3,9,3,246,36,-1.0,-1.8369701987210297e-16,-0.888057322629493,-0.4597327394521046,0.9749279121818236,-0.22252093395631434,0,1,0,72.24639624708954,1.0804821992952016,2.2237289417820394
2025-09-04,2025-09-04,1.4314,1.5193,geoportal_toledo,Toledo,0.0,False,OPEC,0.0,1.4231,1.5065,1.4227,1.5453,1.4218,1.5256,1.432,1.5513,1.4479,1.5262,1.4279,1.5396142857142858,1.4344428571428571,1.5336785714285714,1.4386900000000002,1.5352266666666667,0.009017390605566531,0.022842681437127536,0.010532273791010146,0.019846378416822998,0.01231795297593104,0.017250705799320518,-0.0035000000000000586,0.02031428571428573,0.003042857142857125,0.014378571428571352,0.007290000000000241,0.015926666666666645,-0.01649999999999996,-0.006899999999999906,43.56435576468538,47.78786971314676,0.08790000000000009,0.11171428571428568,0.0214089878767017,3,4,9,3,247,36,-1.0,-1.8369701987210297e-16,-0.8958392907349089,-0.4443781781046134,0.43388373911755823,-0.900968867902419,0,0,0,70.45354532478655,1.0841120004384663,2.1026740981487047
2025-09-05,2025-09-05,1.4093,1.5343,geoportal_toledo,Toledo,0.0,False,OPEC,0.0,1.4314,1.5193,1.4231,1.5065,1.4227,1.5453,1.4192,1.5635,1.4451,1.5658,1.4227857142857143,1.5351142857142859,1.4323357142857145,1.533292857142857,1.4376633333333333,1.5354066666666668,0.007690996591564839,0.01971263795736356,0.012382034575133002,0.01977268762268239,0.013429752952598357,0.017210540742338,0.013485714285714323,0.0008142857142858784,0.023035714285714493,-0.0010071428571429841,0.028363333333333296,0.0011066666666668112,-0.035800000000000054,-0.031500000000000083,36.43054230908224,49.230769034407174,0.125,0.1123285714285714,0.021768456865053912,4,5,9,3,248,36,-1.0,-1.8369701987210297e-16,-0.9033558023246842,-0.4288919379124841,-0.433883739117558,-0.9009688679024191,0,0,0,73.0093372042097,1.0784077025974272,2.1126570813144334
2025-09-06,2025-09-06,1.4477,1.5633,geoportal_toledo,Toledo,0.0,False,OPEC,0.0,1.4093,1.5343,1.4314,1.5193,1.4231,1.5065,1.4218,1.5256,1.432,1.5513,1.4250285714285715,1.5368285714285714,1.4330285714285715,1.5364357142857143,1.4383033333333335,1.53603,0.011940926022957508,0.021769299045958677,0.012980306300251947,0.02084523952822347,0.013435503233092694,0.017880583767373677,-0.022671428571428454,-0.02647142857142848,-0.014671428571428446,-0.026864285714285563,-0.009396666666666498,-0.027269999999999905,0.015700000000000047,0.01200000000000001,53.3151054364925,56.117908569062635,0.11559999999999993,0.11179999999999997,0.02161534948441343,5,6,9,3,249,36,-1.0,-1.8369701987210297e-16,-0.9106046300942162,-0.41327860778290443,-0.9749279121818236,-0.2225209339563146,1,0,0,68.65737084293045,1.086120423581418,2.277932632551144
2025-09-07,2025-09-07,1.4367,1.5506,geoportal_toledo,Toledo,0.0,False,OPEC,0.0,1.4477,1.5633,1.4093,1.5343,1.4314,1.5193,1.4227,1.5453,1.4192,1.5635,1.4275285714285715,1.5349857142857142,1.4321357142857143,1.5370857142857144,1.43725,1.5365000000000002,0.012342435508672507,0.01957008163595879,0.012188115721274298,0.02115488149314503,0.012183022387025622,0.01807759138670929,-0.009171428571428608,-0.015614285714285803,-0.0045642857142857984,-0.01351428571428559,0.0005499999999998284,-0.01409999999999978,0.01750000000000007,-0.012899999999999912,45.722107706975024,51.299628472380796,0.11389999999999989,0.10745714285714282,0.01642902483846367,6,7,9,3,250,36,-1.0,-1.8369701987210297e-16,-0.9175836260593934,-0.3975428142825566,-0.7818314824680299,0.6234898018587334,1,0,0,75.42143771736774,1.0820891487994524,2.447553412670455
2025-09-08,2025-09-08,1.4426,1.5257,geoportal_toledo,Toledo,0.0,False,OPEC,0.0,1.4367,1.5506,1.4477,1.5633,1.4093,1.5343,1.4231,1.5065,1.4218,1.5256,1.4305,1.5350000000000001,1.4316785714285714,1.5375285714285716,1.4372033333333334,1.53537,0.013206942618689389,0.019562123265807908,0.011613399328192109,0.020820678647456677,0.012158932670188197,0.01763803003309251,-0.0121,0.009300000000000086,-0.010921428571428748,0.011828571428571522,-0.005396666666666716,0.009669999999999845,0.02080000000000015,9.999999999998899e-05,47.89196266766308,50.878186767055354,0.08309999999999995,0.10449999999999994,0.018877499834458984,0,8,9,3,251,37,-1.0,-1.8369701987210297e-16,-0.9242907221930934,-0.3816892202666586,0.0,1.0,0,0,0,73.27234362374746,1.0753535394328781,2.140192490534013
2025-09-09,2025-09-09,1.4484,1.5339,geoportal_toledo,Toledo,0.0,False,OPEC,0.0,1.4426,1.5257,1.4367,1.5506,1.4477,1.5633,1.4314,1.5193,1.4227,1.5453,1.4341714285714287,1.5333714285714284,1.4328285714285713,1.536642857142857,1.4374033333333334,1.5352066666666666,0.014211229630790637,0.019028987911929984,0.012446898196951862,0.02068212584988132,0.012295933819997391,0.017627856742478104,-0.014228571428571257,-0.0005285714285716558,-0.01557142857142857,0.002742857142856936,-0.010996666666666544,0.0013066666666665672,0.025699999999999834,-0.011399999999999855,55.71327127041464,48.14593281278617,0.08550000000000013,0.09919999999999998,0.018142583425006818,1,9,9,3,252,37,-1.0,-1.8369701987210297e-16,-0.9307239310379793,-0.3657225234972692,0.7818314824680298,0.6234898018587336,0,0,0,68.59698988538378,1.0779350367611287,2.1720584267051657
2025-09-10,2025-09-10,1.4182,1.5287,geoportal_toledo,Toledo,0.0,False,OPEC,0.0,1.4484,1.5339,1.4426,1.5257,1.4367,1.5506,1.4093,1.5343,1.4231,1.5065,1.4334714285714285,1.5365428571428572,1.4318642857142858,1.5385714285714285,1.4362733333333333,1.53471,0.014948992640054289,0.01528592567722084,0.013049409485187317,0.018294111224503473,0.012455408279229948,0.01759308935643326,0.015271428571428602,0.007842857142857262,0.013664285714285906,0.009871428571428531,0.018073333333333386,0.006010000000000071,-0.0049000000000001265,0.022199999999999998,46.04105534042532,54.576270927434635,0.11050000000000004,0.10307142857142858,0.017068754522588336,2,10,9,3,253,37,-1.0,-1.8369701987210297e-16,-0.9368813462954315,-0.34964745525122826,0.9749279121818236,-0.22252093395631434,0,0,0,67.99657574612421,1.0810174248375346,2.3367858176407137
2025-09-11,2025-09-11,1.4232,1.5322,geoportal_toledo,Toledo,0.0,False,OPEC,0.0,1.4182,1.5287,1.4484,1.5339,1.4426,1.5257,1.4477,1.5633,1.4314,1.5193,1.4323000000000001,1.5383857142857142,1.4301,1.539,1.43511,1.5348366666666668,0.015451213544573721,0.013538393377284144,0.012366455869376614,0.018050655219303036,0.01196674558934106,0.017559740068246028,0.009100000000000108,0.006185714285714239,0.006899999999999906,0.006799999999999917,0.011910000000000087,0.0026366666666668426,-0.008199999999999985,0.012899999999999912,42.24733170655202,51.09489024988012,0.10899999999999999,0.10608571428571427,0.015755573465859464,3,11,9,3,254,37,-1.0,-1.8369701987210297e-16,-0.9427611433904206,-0.33346877891818705,0.43388373911755823,-0.900968867902419,0,0,0,72.54620278366563,1.0834147265668055,2.2311400038925857
2025-09-12,2025-09-12,1.4447,1.5386,geoportal_toledo,Toledo,0.0,False,OPEC,0.0,1.4232,1.5322,1.4182,1.5287,1.4484,1.5339,1.4367,1.5506,1.4093,1.5343,1.437357142857143,1.539,1.4300714285714287,1.5370571428571427,1.43531,1.53538,0.012098051791212788,0.01341914055866952,0.012329541046510647,0.01632556816236958,0.012078431903247734,0.01740999316682701,-0.0073428571428570955,0.00039999999999995595,-0.014628571428571435,-0.0015428571428572901,-0.00939000000000001,-0.0032200000000000006,0.0354000000000001,0.0042999999999999705,49.88764005706352,44.35215921057712,0.09389999999999987,0.10164285714285712,0.013796117466260447,4,12,9,3,255,37,-1.0,-1.8369701987210297e-16,-0.9483615800121716,-0.31719128858910595,-0.433883739117558,-0.9009688679024191,0,0,0,71.40286898294335,1.0833976795740914,2.230675395691199
2025-09-13,2025-09-13,1.4411,1.5271,geoportal_toledo,Toledo,0.0,False,OPEC,0.0,1.4447,1.5386,1.4232,1.5322,1.4182,1.5287,1.4426,1.5257,1.4477,1.5633,1.4364142857142856,1.5338285714285713,1.4307214285714285,1.5353285714285714,1.4359899999999999,1.5348266666666668,0.011394359506854267,0.008605756655811455,0.012674090989794523,0.015978997204091173,0.011798549004886224,0.01740023648934274,-0.004685714285714404,0.006728571428571417,-0.01037857142857157,0.008228571428571474,-0.00511000000000017,0.0077266666666668815,-0.006599999999999939,-0.03620000000000001,52.70029629803911,44.911690231806695,0.08599999999999985,0.09741428571428568,0.01333372023248182,5,13,9,3,256,37,-1.0,-1.8369701987210297e-16,-0.9536809966304455,-0.300819807635668,-0.9749279121818236,-0.2225209339563146,1,0,0,75.25582889984247,1.0814203312739885,2.3731106379411906
2025-09-14,2025-09-14,1.426,1.5605,geoportal_toledo,Toledo,0.0,False,OPEC,0.0,1.4411,1.5271,1.4447,1.5386,1.4232,1.5322,1.4484,1.5339,1.4367,1.5506,1.4348857142857143,1.5352428571428571,1.431207142857143,1.5351142857142859,1.43471,1.5353966666666667,0.012048572331944988,0.011975232376709269,0.01232405179911465,0.0155874632634375,0.01063579998774541,0.01796178862404049,0.008885714285714386,-0.025257142857142867,0.005207142857142966,-0.025385714285714123,0.008709999999999996,-0.025103333333333255,-0.010700000000000154,0.00990000000000002,51.99063189234843,49.42084915370972,0.13450000000000006,0.10035714285714284,0.018751342809059268,6,14,9,3,257,37,-1.0,-1.8369701987210297e-16,-0.9587178169872964,-0.2843591872810036,-0.7818314824680299,0.6234898018587334,1,0,0,72.56368383338466,1.0875871373846273,2.1714732913592294
2025-09-15,2025-09-15,1.4276,1.5348,geoportal_toledo,Toledo,0.0,False,OPEC,0.0,1.426,1.5605,1.4411,1.5271,1.4447,1.5386,1.4182,1.5287,1.4426,1.5257,1.4327428571428573,1.536542857142857,1.4316214285714286,1.5357714285714288,1.4344233333333334,1.5349833333333331,0.011778774291476305,0.011237861175931991,0.012078536498932814,0.015347584554201144,0.010709894984299717,0.01782294304683073,0.005142857142857338,0.001742857142857046,0.00402142857142862,0.0009714285714288451,0.006823333333333403,0.00018333333333320212,-0.015000000000000124,0.009099999999999886,51.70789121088902,51.863857080188794,0.10719999999999996,0.10379999999999999,0.017203294258174358,0,15,9,3,258,38,-1.0,-1.8369701987210297e-16,-0.9634705485641486,-0.26781430516217486,0.0,1.0,0,0,0,74.12938458920411,1.0826348818204827,2.1750650978496453
2025-09-16,2025-09-16,1.436,1.5494,geoportal_toledo,Toledo,0.0,False,OPEC,0.0,1.4276,1.5348,1.426,1.5605,1.4411,1.5271,1.4232,1.5322,1.4484,1.5339,1.4309714285714286,1.538757142857143,1.4325714285714284,1.5360642857142857,1.4342033333333333,1.5359966666666667,0.009797400043841779,0.012122548844042142,0.011843623962767344,0.015580737967259367,0.010603398392557004,0.01774690810046739,-0.005028571428571382,-0.010642857142857176,-0.0034285714285715585,-0.01333571428571445,-0.0017966666666666686,-0.013403333333333434,-0.012399999999999967,0.01550000000000007,53.75070459531307,50.84815858011001,0.11340000000000017,0.10778571428571428,0.01539365979566799,1,16,9,3,259,38,-1.0,-1.8369701987210297e-16,-0.9679377830240641,-0.25119006388481957,0.7818314824680298,0.6234898018587336,0,0,0,71.45683192608415,1.0717469512437143,2.2057519579627276
2025-09-17,2025-09-17,1.4145,1.5506,geoportal_toledo,Toledo,0.0,False,OPEC,0.0,1.436,1.5494,1.4276,1.5348,1.426,1.5605,1.4447,1.5386,1.4182,1.5287,1.4304428571428573,1.5418857142857143,1.431957142857143,1.5392142857142856,1.4335333333333333,1.53755,0.010662841576062818,0.01191867282480562,0.012573214158906325,0.013457046032175329,0.01119594548943128,0.01686734756246824,0.01594285714285726,-0.008714285714285674,0.017457142857142838,-0.011385714285714332,0.019033333333333236,-0.013050000000000006,-0.0036999999999998145,0.02190000000000003,47.83266095279374,60.803527265433914,0.1360999999999999,0.11144285714285711,0.0188082302147099,2,17,9,3,260,38,-1.0,-1.8369701987210297e-16,-0.9721181966290612,-0.23449138957041052,0.9749279121818236,-0.22252093395631434,0,0,0,72.89116263949711,1.079818269615969,2.108871643113258
2025-09-18,2025-09-18,1.4123,1.5152,geoportal_toledo,Toledo,0.0,False,OPEC,0.0,1.4145,1.5506,1.436,1.5494,1.4276,1.5348,1.4411,1.5271,1.4232,1.5322,1.4288857142857143,1.539457142857143,1.4305928571428572,1.5389214285714286,1.4328966666666667,1.5359066666666665,0.012529356005189887,0.015434577755033915,0.0136301399217221,0.013959015756102543,0.011845659275792982,0.016549735560619543,0.016585714285714204,0.024257142857142977,0.01829285714285711,0.02372142857142845,0.020596666666666597,0.02070666666666643,-0.01089999999999991,-0.016999999999999904,45.03380102419492,49.09572091427433,0.10289999999999999,0.11057142857142854,0.01907963262100147,3,18,9,3,261,38,-1.0,-1.8369701987210297e-16,-0.9760105506323682,-0.21772323039653224,0.43388373911755823,-0.900968867902419,0,0,0,70.51306381140917,1.0763242411254728,2.2060383824394845
2025-09-19,2025-09-19,1.4216,1.529,geoportal_toledo,Toledo,0.0,False,OPEC,0.0,1.4123,1.5152,1.4145,1.5506,1.436,1.5494,1.426,1.5605,1.4447,1.5386,1.4255857142857145,1.5380857142857143,1.4314714285714285,1.5385428571428572,1.4325066666666666,1.5359933333333335,0.010556740117327636,0.015941604746849032,0.012501780093031295,0.01416434930410819,0.012023194059912673,0.016504982180590426,0.003985714285714481,0.009085714285714364,0.009871428571428531,0.009542857142857297,0.01090666666666662,0.006993333333333629,-0.02310000000000012,-0.009600000000000053,53.42618342731667,48.82483339975711,0.10739999999999994,0.11249999999999998,0.017749553985006744,4,19,9,3,262,38,-1.0,-1.8369701987210297e-16,-0.9796136916454901,-0.20089055513063528,-0.433883739117558,-0.9009688679024191,0,0,0,72.34749889464341,1.0778112717013215,2.320833627070458
2025-09-20,2025-09-20,1.4139,1.5409,geoportal_toledo,Toledo,0.0,False,OPEC,0.0,1.4216,1.529,1.4123,1.5152,1.4145,1.5506,1.4276,1.5348,1.4411,1.5271,1.4217,1.5400571428571428,1.429057142857143,1.5369428571428572,1.4315333333333333,1.53621,0.008744903277531168,0.015192306950433429,0.012389866472597684,0.012294383601135515,0.012314452774137405,0.016525995196700793,0.007800000000000029,-0.0008428571428571452,0.015157142857143091,-0.00395714285714277,0.01763333333333339,-0.004689999999999861,-0.027200000000000113,0.013800000000000034,38.64247275470789,44.62571946988481,0.127,0.11835714285714286,0.013893266611666913,5,20,9,3,263,38,-1.0,-1.8369701987210297e-16,-0.9829265519799822,-0.18399835165767986,-0.9749279121818236,-0.2225209339563146,1,0,0,76.41691749604792,1.0781043575814384,2.3054639081951493
2025-09-21,2025-09-21,1.433,1.5432,geoportal_toledo,Toledo,0.0,False,OPEC,0.0,1.4139,1.5409,1.4216,1.529,1.4123,1.5152,1.436,1.5494,1.426,1.5605,1.4227,1.5375857142857143,1.4287928571428572,1.5364142857142855,1.4313399999999998,1.5363266666666668,0.009669884521890954,0.012476969259590194,0.01225300366853401,0.011811653772235592,0.012241748804526567,0.016563793779439978,-0.010299999999999976,-0.005614285714285572,-0.004207142857142854,-0.006785714285714395,-0.0016600000000002169,-0.006873333333333065,0.007000000000000117,-0.017300000000000093,48.82090459943105,48.1313127909907,0.11019999999999985,0.11488571428571426,0.012108733565960955,6,21,9,3,264,38,-1.0,-1.8369701987210297e-16,-0.9859481499638303,-0.1670516255021195,-0.7818314824680299,0.6234898018587334,1,0,0,70.5678272198794,1.0770728941590295,2.011815438669322
2025-09-22,2025-09-22,1.4352,1.5126,geoportal_toledo,Toledo,0.0,False,OPEC,0.0,1.433,1.5432,1.4139,1.5409,1.4216,1.529,1.4145,1.5506,1.4276,1.5348,1.4237857142857142,1.5344142857142857,1.4282642857142858,1.5354785714285715,1.4312466666666668,1.5361033333333334,0.010685103114685658,0.015706519726048713,0.011761319074561127,0.013166868593991233,0.012199822874162726,0.01684408180798293,-0.011414285714285821,0.021814285714285786,-0.006935714285714267,0.022878571428571526,-0.003953333333333253,0.02350333333333343,0.007600000000000051,-0.022199999999999998,47.58485596201827,46.78448666912967,0.07739999999999991,0.1106285714285714,0.018703717481266893,0,22,9,3,265,39,-1.0,-1.8369701987210297e-16,-0.9886775902323404,-0.15005539834465262,0.0,1.0,0,0,0,71.81693547316159,1.0771175100932802,2.5274296168836754
2025-09-23,2025-09-23,1.4306,1.5493,geoportal_toledo,Toledo,0.0,False,OPEC,0.0,1.4352,1.5126,1.433,1.5432,1.4139,1.5409,1.4123,1.5152,1.436,1.5494,1.4230142857142858,1.5344,1.4269928571428572,1.5365785714285713,1.4306266666666665,1.5363633333333335,0.009815876352698621,0.015690655393152352,0.01028684479440542,0.013658932190015108,0.011719124756461034,0.01698982420264495,-0.007585714285714307,-0.014899999999999913,-0.00360714285714292,-0.01272142857142855,2.6666666666397276e-05,-0.012936666666666374,-0.005399999999999849,-0.00010000000000021103,44.144736435509074,53.31610648302086,0.1186999999999998,0.1113857142857142,0.018940382658174992,1,23,9,3,266,39,-1.0,-1.8369701987210297e-16,-0.9911140639934546,-0.13301470653419636,0.7818314824680298,0.6234898018587336,0,0,0,71.45540210066767,1.0807874437555256,2.238893871579282
2025-09-24,2025-09-24,1.3998,1.5157,geoportal_toledo,Toledo,0.0,False,OPEC,0.0,1.4306,1.5493,1.4352,1.5126,1.433,1.5432,1.4216,1.529,1.4145,1.5506,1.4209142857142856,1.5294142857142856,1.4256785714285714,1.53565,1.4289866666666666,1.5362366666666667,0.012997747057527884,0.015222946338934774,0.012445584856389582,0.0146422334361942,0.012477309981235876,0.017133441455001164,0.02111428571428564,0.013714285714285568,0.025878571428571417,0.019949999999999912,0.029186666666666694,0.020536666666666648,-0.014700000000000157,-0.03489999999999993,43.971166044825495,47.50575569260148,0.11590000000000011,0.10849999999999994,0.015830982281589513,2,24,9,3,267,39,-1.0,-1.8369701987210297e-16,-0.9932568492674143,-0.11593459959550066,0.9749279121818236,-0.22252093395631434,0,0,0,73.3818517893422,1.0799797303077023,2.1972825445180617
2025-09-25,2025-09-25,1.4033,1.5306,geoportal_toledo,Toledo,0.0,False,OPEC,0.0,1.3998,1.5157,1.4306,1.5493,1.4352,1.5126,1.4139,1.5409,1.4123,1.5152,1.4196285714285715,1.5316142857142856,1.424257142857143,1.5355357142857142,1.42802,1.5357133333333333,0.014365086643865543,0.01387989295965289,0.013811851894198146,0.014677434650240875,0.0133075140816953,0.017055057563835574,0.01632857142857147,0.0010142857142856343,0.02095714285714312,0.0049357142857142655,0.024720000000000075,0.005113333333333303,-0.009000000000000119,0.015399999999999858,43.41495657987466,49.70588209710206,0.12729999999999997,0.11198571428571423,0.017033049107683676,3,25,9,3,268,39,-1.0,-1.8369701987210297e-16,-0.9951053111006974,-0.09882013873287211,0.43388373911755823,-0.900968867902419,0,0,0,71.97858500239401,1.082580139697049,2.1151249794468545
2025-09-26,2025-09-26,1.4221,1.5512,geoportal_toledo,Toledo,0.0,False,OPEC,0.0,1.4033,1.5306,1.3998,1.5157,1.4306,1.5493,1.433,1.5432,1.4216,1.529,1.4197,1.5347857142857142,1.4226428571428573,1.5364357142857143,1.4277000000000002,1.5373633333333332,0.014377760604490872,0.015611259672794565,0.012496874334483831,0.015254739850685437,0.013331373419172406,0.016013603771391563,-0.0023999999999999577,-0.016414285714285715,0.0005428571428574003,-0.014764285714285563,0.005600000000000271,-0.01383666666666672,0.0004999999999999449,0.022199999999999998,42.38544434407257,52.20125760628316,0.1291,0.11508571428571424,0.01800624230384464,4,26,9,3,269,39,-1.0,-1.8369701987210297e-16,-0.99665890175417,-0.08167639533042288,-0.433883739117558,-0.9009688679024191,0,0,0,72.23121869349632,1.0816431127190305,2.291121628372487
2025-09-27,2025-09-27,1.4358,1.5394,geoportal_toledo,Toledo,0.0,False,OPEC,0.0,1.4221,1.5512,1.4033,1.5306,1.3998,1.5157,1.4352,1.5126,1.4139,1.5409,1.4228285714285713,1.5345714285714287,1.422264285714286,1.5373142857142859,1.4272966666666667,1.5378033333333334,0.015260921148009258,0.015523392486364179,0.0119636376731176,0.015028222533868528,0.012874365959169161,0.015877059645554838,-0.012971428571428634,-0.004828571428571404,-0.013535714285713984,-0.0020857142857142463,-0.008503333333333307,-0.0015966666666666907,0.02190000000000003,-0.0014999999999998348,48.32807528290657,52.14659660382121,0.10360000000000014,0.11174285714285712,0.017593072229607643,5,27,9,3,270,39,-1.0,-1.8369701987210297e-16,-0.9979171608653922,-0.06450844944931625,-0.9749279121818236,-0.2225209339563146,1,0,0,70.42536025320315,1.0845763824879484,2.157169278401313
2025-09-28,2025-09-28,1.4265,1.5111,geoportal_toledo,Toledo,0.0,False,OPEC,0.0,1.4358,1.5394,1.4221,1.5512,1.4033,1.5306,1.4306,1.5493,1.433,1.5432,1.4219000000000002,1.5299857142857143,1.4223,1.5337857142857143,1.4266766666666666,1.53598,0.014727298915054903,0.01720033222270492,0.011976387024218054,0.014964874624515819,0.012427546802980506,0.0156908363329551,-0.0045999999999999375,0.018885714285714172,-0.004200000000000204,0.022685714285714198,0.00017666666666649178,0.02487999999999979,-0.00649999999999995,-0.032099999999999795,50.163719251937145,41.22245892782003,0.08460000000000001,0.10808571428571427,0.020403547777402893,6,28,9,3,271,39,-1.0,-1.8369701987210297e-16,-0.9988797155850335,-0.04732138832243232,-0.7818314824680299,0.6234898018587334,1,0,1,69.55752269743752,1.0822778482478408,2.247008369547572
2025-09-29,2025-09-29,1.403,1.5413,geoportal_toledo,Toledo,0.0,False,OPEC,0.0,1.4265,1.5111,1.4358,1.5394,1.4221,1.5512,1.3998,1.5157,1.4352,1.5126,1.4172999999999998,1.5340857142857143,1.4205428571428573,1.53425,1.4257099999999998,1.5356466666666668,0.014908386901340298,0.015722534631479972,0.012907404808911522,0.015098993853387041,0.013108416617080083,0.01545865973878517,0.014299999999999757,-0.007214285714285618,0.017542857142857304,-0.007050000000000001,0.022709999999999786,-0.005653333333333066,-0.032200000000000006,0.028699999999999948,42.95532611605124,51.1367608548742,0.13829999999999987,0.11678571428571427,0.017978174598795103,0,29,9,3,272,40,-1.0,-1.8369701987210297e-16,-0.9995462806873573,-0.03012030484690836,0.0,1.0,0,0,1,72.5705168794383,1.0848867091588317,2.192430472131553
2025-09-30,2025-09-30,1.4143,1.5243,geoportal_toledo,Toledo,0.0,False,OPEC,0.0,1.403,1.5413,1.4265,1.5111,1.4358,1.5394,1.4033,1.5306,1.4306,1.5493,1.4149714285714285,1.5305142857142857,1.4189928571428572,1.5324571428571427,1.4255466666666667,1.53434,0.013709572602836366,0.014480956295703935,0.012191514343100954,0.014645068179357453,0.013222361762361445,0.014659176248202297,0.0006714285714286561,0.006214285714285728,0.004692857142857276,0.008157142857142752,0.011246666666666849,0.010040000000000049,-0.016300000000000203,-0.02499999999999991,43.88732359750841,45.64689537320269,0.1100000000000001,0.11554285714285717,0.01812391211841941,1,30,9,3,273,40,-1.0,-1.8369701987210297e-16,-0.9999166586547379,-0.012910296075008843,0.7818314824680298,0.6234898018587336,0,0,1,74.02078240063595,1.0802143593186246,2.252848518106751
2025-10-01,2025-10-01,1.4218,1.5399,geoportal_toledo,Toledo,0.0,False,OPEC,0.0,1.4143,1.5243,1.403,1.5413,1.4265,1.5111,1.4221,1.5512,1.3998,1.5157,1.4181142857142857,1.5339714285714285,1.4195142857142857,1.5316928571428572,1.4255466666666665,1.5348166666666667,0.01207634444847228,0.01318556208961302,0.012140577678744963,0.013884881888404824,0.013222361762361445,0.01459754545577201,-0.003685714285714292,-0.005928571428571505,-0.0022857142857142243,-0.008207142857142857,0.003746666666666565,-0.005083333333333329,0.02200000000000002,0.0242,52.23241545489059,48.23257328204294,0.1181000000000001,0.11585714285714288,0.018150193492343914,2,1,10,4,274,40,-0.8660254037844386,0.5000000000000001,-0.9999907397361901,0.004303538296243821,0.9749279121818236,-0.22252093395631434,0,1,0,68.73776437748906,1.087141640087041,2.263849044161477
2025-10-02,2025-10-02,1.4282,1.5256,geoportal_toledo,Toledo,0.0,False,OPEC,0.0,1.4218,1.5399,1.4143,1.5243,1.403,1.5413,1.4358,1.5394,1.4033,1.5306,1.4216714285714285,1.5332571428571427,1.42065,1.5324357142857143,1.4257300000000002,1.5341600000000002,0.010557100972919776,0.013529579587315935,0.012157476332251041,0.013195722333851008,0.013219660123964918,0.014552724593815567,-0.006528571428571439,0.007657142857142585,-0.007549999999999946,0.006835714285714278,-0.00246999999999975,0.008560000000000123,0.024899999999999922,-0.004999999999999893,54.74060777199249,51.84659065133087,0.09740000000000015,0.11158571428571433,0.0185229073106274,3,2,10,4,275,40,-0.8660254037844386,0.5000000000000001,-0.9997685019798909,0.021516097436222233,0.43388373911755823,-0.900968867902419,0,1,0,74.73927617712063,1.091533637580242,1.9903028090917985
2025-10-03,2025-10-03,1.4065,1.5604,geoportal_toledo,Toledo,0.0,False,OPEC,0.0,1.4282,1.5256,1.4218,1.5399,1.4143,1.5243,1.4265,1.5111,1.4221,1.5512,1.419442857142857,1.5345714285714287,1.4195714285714287,1.5346785714285716,1.4251766666666665,1.5359566666666666,0.011999563484126043,0.015816627778566066,0.01272335397070088,0.01509820053319805,0.013673172407243597,0.014345843644939653,0.012942857142856923,-0.025828571428571312,0.013071428571428623,-0.02572142857142845,0.018676666666666453,-0.024443333333333372,-0.015599999999999836,0.009200000000000097,45.80788415252064,55.188367226491394,0.15389999999999993,0.11512857142857147,0.02399470179614058,4,3,10,4,276,40,-0.8660254037844386,0.5000000000000001,-0.9992500112396835,0.03872228089217399,-0.433883739117558,-0.9009688679024191,0,1,0,71.32540715805652,1.0768566004725482,2.390239851050299
2025-10-04,2025-10-04,1.4552,1.5142,geoportal_toledo,Toledo,0.0,False,OPEC,0.0,1.4065,1.5604,1.4282,1.5256,1.4218,1.5399,1.403,1.5413,1.4358,1.5394,1.4222142857142859,1.5309714285714284,1.4225214285714285,1.5327714285714287,1.42597,1.5357866666666666,0.01742215338502883,0.017329908086476005,0.01573795894162786,0.01591605036875246,0.014698701561234952,0.014578366904739133,-0.032985714285714174,0.016771428571428437,-0.03267857142857156,0.018571428571428683,-0.02923000000000009,0.021586666666666643,0.019400000000000084,-0.02520000000000011,59.33966493407723,46.037399630595544,0.05899999999999994,0.10875714285714287,0.032113904420715586,5,4,10,4,277,40,-0.8660254037844386,0.5000000000000001,-0.9984354211555643,0.05591699010060302,-0.9749279121818236,-0.2225209339563146,1,0,0,69.968376053518,1.0784762117745508,2.0263096219476515
2025-10-05,2025-10-05,1.4264,1.5361,geoportal_toledo,Toledo,0.0,False,OPEC,0.0,1.4552,1.5142,1.4065,1.5604,1.4282,1.5256,1.4143,1.5243,1.4265,1.5111,1.4222,1.5345428571428574,1.42205,1.5322642857142859,1.42654,1.5358466666666666,0.017418094040394967,0.014967170423168986,0.015496935180867625,0.015669402184996458,0.014357566790301653,0.01457574114359388,-0.0041999999999999815,-0.0015571428571425905,-0.004349999999999854,-0.0038357142857141646,0.000140000000000029,-0.00025333333333343866,-0.00010000000000021103,0.02499999999999991,48.570190346627925,49.004207381189666,0.10970000000000013,0.11234285714285717,0.030318138528107604,6,5,10,4,278,40,-0.8660254037844386,0.5000000000000001,-0.9973249731081555,0.07309512989807776,-0.7818314824680299,0.6234898018587334,1,0,0,73.52352358804983,1.0793827137184158,2.3197647155246073
2025-10-06,2025-10-06,1.4503,1.5182,geoportal_toledo,Toledo,0.0,False,OPEC,0.0,1.4264,1.5361,1.4552,1.5142,1.4065,1.5604,1.4218,1.5399,1.403,1.5413,1.428957142857143,1.5312428571428571,1.4231285714285715,1.5326642857142858,1.4266266666666667,1.5343433333333332,0.01789644817115639,0.015754878307247668,0.016940775959497924,0.015193045329150856,0.014496870847457302,0.013959342029087687,-0.021342857142856886,0.013042857142857134,-0.027171428571428402,0.014464285714285818,-0.023673333333333213,0.016143333333333176,0.0472999999999999,-0.0230999999999999,52.99009871609449,50.81442678551428,0.06790000000000007,0.10228571428571434,0.031907440541427974,0,6,10,4,279,41,-0.8660254037844386,0.5000000000000001,-0.9959189961471792,0.0902516100310407,0.0,1.0,0,0,0,72.25883856235052,1.076510252557311,2.2856374460953948
2025-10-07,2025-10-07,1.4462,1.5369,geoportal_toledo,Toledo,0.0,False,OPEC,0.0,1.4503,1.5182,1.4264,1.5361,1.4552,1.5142,1.4282,1.5256,1.4143,1.5243,1.4335142857142855,1.5330428571428574,1.4242428571428571,1.5317785714285714,1.4269433333333335,1.5338866666666666,0.017601176908702703,0.015547867714776325,0.017952831972259647,0.014493987006364664,0.01482455287069839,0.013629373283168598,-0.012685714285714411,-0.0038571428571425592,-0.021957142857142786,-0.005121428571428499,-0.019256666666666478,-0.0030133333333333123,0.03190000000000004,0.012599999999999945,53.09523780026451,48.096991812965655,0.0907,0.09952857142857148,0.03196355811888042,1,7,10,4,280,41,-0.8660254037844386,0.5000000000000001,-0.994217906893952,0.10738134666416306,0.7818314824680298,0.6234898018587336,0,0,0,71.138420929332,1.0790150065615038,2.3599564400389617
2025-10-08,2025-10-08,1.4153,1.538,geoportal_toledo,Toledo,0.0,False,OPEC,0.0,1.4462,1.5369,1.4503,1.5182,1.4264,1.5361,1.4065,1.5604,1.4218,1.5399,1.4325857142857144,1.5327714285714287,1.4253500000000001,1.5333714285714286,1.4260333333333333,1.5342966666666666,0.01847208962835871,0.015424300555261521,0.01676836536228529,0.013799800922278227,0.014667400713084932,0.013559434515045697,0.01728571428571435,-0.00522857142857136,0.010050000000000114,-0.004628571428571426,0.010733333333333261,-0.0037033333333333918,-0.00649999999999995,-0.0019000000000000128,53.07417661918349,53.801568103231524,0.12270000000000003,0.10018571428571432,0.03245255144419455,2,8,10,4,281,41,-0.8660254037844386,0.5000000000000001,-0.9922222094179324,0.12447926388678869,0.9749279121818236,-0.22252093395631434,0,0,0,72.82690991120505,1.0838372857537033,2.2653778898601122
2025-10-09,2025-10-09,1.4434,1.5262,geoportal_toledo,Toledo,0.0,False,OPEC,0.0,1.4153,1.538,1.4462,1.5369,1.4503,1.5182,1.4552,1.5142,1.4282,1.5256,1.4347571428571428,1.532857142857143,1.4282142857142854,1.533057142857143,1.4258666666666666,1.53404,0.018761739182252688,0.015379408001486398,0.01612465179792757,0.013917377863427173,0.014430985182355973,0.013639840225578395,-0.008642857142857174,0.006657142857142917,-0.01518571428571458,0.006857142857142895,-0.0175333333333334,0.00784000000000007,0.015200000000000102,0.0005999999999999339,57.24611463626832,49.24190189890193,0.08279999999999998,0.0981,0.03312365720548782,3,9,10,4,282,41,-0.8660254037844386,0.5000000000000001,-0.989932495087353,0.141540295217043,0.43388373911755823,-0.900968867902419,0,0,0,73.65731299881692,1.0788093540988353,2.2110919058191913
2025-10-10,2025-10-10,1.4527,1.5483,geoportal_toledo,Toledo,0.0,False,OPEC,0.0,1.4434,1.5262,1.4153,1.538,1.4462,1.5369,1.4264,1.5361,1.4065,1.5604,1.441357142857143,1.5311285714285712,1.4304,1.53285,1.4270166666666666,1.5346933333333332,0.014891704306185635,0.01209761881331917,0.017265661786421388,0.013645497989616291,0.015155426553648309,0.013843134320524699,-0.011342857142857099,-0.017171428571428837,-0.02230000000000021,-0.015449999999999964,-0.025683333333333502,-0.013606666666666767,0.04620000000000002,-0.0121,55.726047612213854,49.502913715104306,0.09559999999999991,0.08977142857142859,0.022323807492280086,4,10,10,4,283,41,-0.8660254037844386,0.5000000000000001,-0.9873494423939864,0.15855938510313475,-0.433883739117558,-0.9009688679024191,0,0,0,71.90741631801893,1.0832752344260796,2.2197924801986257
2025-10-11,2025-10-11,1.4337,1.528,geoportal_toledo,Toledo,0.0,False,OPEC,0.0,1.4527,1.5483,1.4434,1.5262,1.4153,1.538,1.4503,1.5182,1.4552,1.5142,1.4382857142857142,1.5331,1.4302499999999998,1.5320357142857142,1.4273666666666667,1.5345533333333334,0.013732859446285864,0.009781956177915573,0.017224211492503114,0.013564467561234706,0.015185458864307609,0.013890377054372583,0.004585714285714193,0.005099999999999882,-0.003450000000000175,0.004035714285714143,-0.006333333333333302,0.006553333333333411,-0.021500000000000075,0.013800000000000034,49.61467864418147,48.10126559846177,0.09430000000000005,0.09481428571428574,0.01772817236034483,5,11,10,4,284,41,-0.8660254037844386,0.5000000000000001,-0.9844738167520923,0.17553149042142777,-0.9749279121818236,-0.2225209339563146,1,0,0,71.4726961772575,1.0842418642467837,1.9567931767712237
2025-10-12,2025-10-12,1.4451,1.536,geoportal_toledo,Toledo,0.0,False,OPEC,0.0,1.4337,1.528,1.4527,1.5483,1.4434,1.5262,1.4462,1.5369,1.4264,1.5361,1.4409571428571428,1.5330857142857142,1.4315785714285716,1.5338142857142858,1.4273799999999999,1.5344666666666666,0.012824177315115953,0.009776916448353705,0.017625382857661197,0.012168866778846892,0.015201370174180088,0.013872357364578354,-0.004142857142857226,-0.002914285714285869,-0.013521428571428462,-0.0021857142857142353,-0.01772000000000018,-0.0015333333333333865,0.01870000000000016,-9.999999999998899e-05,53.3867440832431,54.44801687664442,0.09089999999999998,0.09212857142857143,0.01647712700338602,6,12,10,4,285,41,-0.8660254037844386,0.5000000000000001,-0.9813064702716093,0.19245158197082995,-0.7818314824680299,0.6234898018587334,1,0,0,70.79082671373165,1.0744658794726574,2.3179501750240785
2025-10-13,2025-10-13,1.4392,1.5685,geoportal_toledo,Toledo,0.0,False,OPEC,0.0,1.4451,1.536,1.4337,1.528,1.4527,1.5483,1.4153,1.538,1.4503,1.5182,1.4393714285714285,1.5402714285714285,1.4341642857142856,1.535757142857143,1.4273166666666668,1.5358466666666666,0.012144644126214382,0.014402975882980345,0.015655552327571765,0.015239811945423364,0.015146095054578831,0.015117579019217904,0.0001714285714284891,-0.02822857142857149,-0.0050357142857144765,-0.03274285714285696,-0.011883333333333246,-0.03265333333333342,-0.011099999999999888,0.05030000000000001,57.04280124568124,54.819276836474195,0.12929999999999997,0.10089999999999999,0.017725217441073405,0,13,10,4,286,42,-0.8660254037844386,0.5000000000000001,-0.9778483415056568,0.20931464596304888,0.0,1.0,0,0,0,71.64995237778977,1.0811752380238473,2.22270653646888
2025-10-14,2025-10-14,1.44,1.5273,geoportal_toledo,Toledo,0.0,False,OPEC,0.0,1.4392,1.5685,1.4451,1.536,1.4337,1.528,1.4434,1.5262,1.4462,1.5369,1.4384857142857144,1.5389,1.4360000000000002,1.5359714285714288,1.4277833333333334,1.53474,0.011784372217960616,0.015211837495845064,0.014619639056894191,0.015086643536148556,0.015318820593239304,0.014451120944470737,-0.0015142857142855792,0.011599999999999833,-0.0039999999999997815,0.008671428571428663,-0.012216666666666542,0.007439999999999891,-0.006199999999999983,-0.009599999999999831,55.21298143083906,50.48955590507384,0.08730000000000016,0.10041428571428572,0.0180940532193525,1,14,10,4,287,42,-0.8660254037844386,0.5000000000000001,-0.9741004551724206,0.22611568550828803,0.7818314824680298,0.6234898018587336,0,0,0,74.7656643071937,1.0876402675002765,2.2594101741860855
2025-10-15,2025-10-15,1.4204,1.5389,geoportal_toledo,Toledo,0.0,False,OPEC,0.0,1.44,1.5273,1.4392,1.5685,1.4451,1.536,1.4527,1.5483,1.4153,1.538,1.4392142857142858,1.5390285714285714,1.4359,1.5359,1.4275433333333334,1.5348766666666667,0.010157333733388936,0.015206765411674905,0.014728622056809224,0.015068969644731723,0.015378078516206506,0.014471081348755377,0.018814285714285672,0.00012857142857147785,0.015499999999999847,-0.0029999999999998916,0.007143333333333279,-0.004023333333333268,0.0051000000000001044,0.0008999999999999009,49.72931140904475,49.83465585394006,0.11849999999999983,0.0998142857142857,0.01728336662530652,2,15,10,4,288,42,-0.8660254037844386,0.5000000000000001,-0.970063921851507,0.2428497220959358,0.9749279121818236,-0.22252093395631434,0,0,0,71.9645143660592,1.0786093282745386,2.262706557209421
2025-10-16,2025-10-16,1.4455,1.5292,geoportal_toledo,Toledo,0.0,False,OPEC,0.0,1.4204,1.5389,1.44,1.5273,1.4392,1.5685,1.4337,1.528,1.4434,1.5262,1.4395142857142855,1.5394571428571429,1.4371357142857144,1.5361571428571428,1.42786,1.5342033333333334,0.010331090386374534,0.014822376905977529,0.014758601515094123,0.014909558848434937,0.015653568503590093,0.01424012018869579,-0.005985714285714483,0.010257142857142965,-0.008364285714285602,0.006957142857142884,-0.0176400000000001,0.005003333333333471,0.0020999999999999908,0.0029999999999998916,53.11936504014747,50.60443226713831,0.08369999999999989,0.09994285714285711,0.017138441891729493,3,16,10,4,289,42,-0.8660254037844386,0.5000000000000001,-0.965739937654855,0.25951179706979943,0.43388373911755823,-0.900968867902419,0,0,0,76.29687939885515,1.0873261655702202,2.125657629691906
2025-10-17,2025-10-17,1.445,1.5578,geoportal_toledo,Toledo,0.0,False,OPEC,0.0,1.4455,1.5292,1.4204,1.5389,1.44,1.5273,1.4451,1.536,1.4527,1.5483,1.4384142857142856,1.5408142857142857,1.4398857142857142,1.5359714285714285,1.4288766666666666,1.5344433333333334,0.009019872240675462,0.01614305098914378,0.011926174003998398,0.014597282601246705,0.015746125595345658,0.01458255176887606,-0.006585714285714417,-0.01698571428571438,-0.005114285714285849,-0.02182857142857153,-0.01612333333333349,-0.023356666666666692,-0.00770000000000004,0.009500000000000064,57.5165947656258,49.554183575528626,0.11280000000000001,0.10239999999999998,0.017637743619862437,4,17,10,4,290,42,-0.8660254037844386,0.5000000000000001,-0.9611297838723007,0.27609697309746883,-0.433883739117558,-0.9009688679024191,0,0,0,71.89237829934453,1.0772364840150286,2.273668062812171
2025-10-18,2025-10-18,1.4437,1.5437,geoportal_toledo,Toledo,0.0,False,OPEC,0.0,1.445,1.5578,1.4455,1.5292,1.4204,1.5389,1.4392,1.5685,1.4337,1.528,1.439842857142857,1.543057142857143,1.439064285714286,1.5380785714285714,1.4299233333333334,1.5353933333333332,0.008940331303119272,0.015124467719874551,0.011161789706430147,0.01328279271906247,0.01564956060490083,0.014209247434107,-0.0038571428571430033,-0.0006428571428571672,-0.0046357142857140765,-0.005621428571428666,-0.013776666666666548,-0.008306666666666906,0.010000000000000009,0.015700000000000047,47.24484874871686,55.68400740671442,0.10000000000000009,0.1032142857142857,0.017330361466842716,5,18,10,4,291,42,-0.8660254037844386,0.5000000000000001,-0.9562348265919058,0.2926003356333479,-0.9749279121818236,-0.2225209339563146,1,0,0,73.95649204235472,1.084212959893945,2.4464192871719224
2025-10-19,2025-10-19,1.3925,1.5497,geoportal_toledo,Toledo,0.0,False,OPEC,0.0,1.4437,1.5437,1.445,1.5578,1.4455,1.5292,1.44,1.5273,1.4451,1.536,1.4323285714285714,1.545014285714286,1.436642857142857,1.5390499999999998,1.4289533333333333,1.5360833333333332,0.019570531783416903,0.014944388977297406,0.016514269553968133,0.013619993787415087,0.01702468255480805,0.014389533632502439,0.039828571428571324,-0.004685714285714182,0.04414285714285704,-0.01065000000000027,0.03645333333333323,-0.013616666666666832,-0.05259999999999998,0.013700000000000045,42.66551250656985,52.79146110875188,0.1572,0.11268571428571428,0.025615452925361833,6,19,10,4,292,42,-0.8660254037844386,0.5000000000000001,-0.9510565162951536,0.30901699437494723,-0.7818314824680299,0.6234898018587334,1,0,0,74.86516850738111,1.0850164858819964,2.4532396958768774
2025-10-20,2025-10-20,1.461,1.5422,geoportal_toledo,Toledo,0.0,False,OPEC,0.0,1.3925,1.5497,1.4437,1.5437,1.445,1.5578,1.4204,1.5389,1.4392,1.5685,1.435442857142857,1.5412571428571429,1.437407142857143,1.5407642857142856,1.4305233333333334,1.5361266666666666,0.022379220804343014,0.010782216399061585,0.017417827484670256,0.012233661452217163,0.017745124310120625,0.014406486406293243,-0.025557142857143056,-0.0009428571428571342,-0.02359285714285697,-0.001435714285714429,-0.030476666666666707,-0.006073333333333375,0.02180000000000004,-0.02629999999999999,51.94051478884037,55.14579726756382,0.08119999999999994,0.10581428571428571,0.02683812143024845,0,20,10,4,293,43,-0.8660254037844386,0.5000000000000001,-0.9455963874271428,0.3253420847119795,0.0,1.0,0,0,0,70.40474945532438,1.0679878715493805,2.335444228922147
2025-10-21,2025-10-21,1.4124,1.5209,geoportal_toledo,Toledo,0.0,False,OPEC,0.0,1.461,1.5422,1.3925,1.5497,1.4437,1.5437,1.4455,1.5292,1.44,1.5273,1.4315,1.5403428571428572,1.4349928571428572,1.5396214285714287,1.4298366666666666,1.535383333333333,0.023827015479633302,0.012324076320067955,0.018419031306931826,0.013321421648055005,0.018042067381603646,0.014602906733163425,0.019099999999999895,0.019442857142857317,0.02259285714285708,0.018721428571428778,0.017436666666666545,0.014483333333333182,-0.027599999999999847,-0.006400000000000183,44.72204852401355,46.607294040499525,0.10849999999999982,0.10884285714285709,0.0255667008132882,1,21,10,4,294,43,-0.8660254037844386,0.5000000000000001,-0.9398560579418953,0.341570769167856,0.7818314824680298,0.6234898018587336,0,0,0,72.93189547056602,1.0788848087676075,2.2282788125284445
2025-10-22,2025-10-22,1.4457,1.5195,geoportal_toledo,Toledo,0.0,False,OPEC,0.0,1.4124,1.5209,1.461,1.5422,1.3925,1.5497,1.445,1.5578,1.4204,1.5389,1.4351142857142858,1.5375714285714286,1.4371642857142857,1.5383,1.4301866666666667,1.5356133333333333,0.023781465371967934,0.014662163810947143,0.017696614502078788,0.014370857262583001,0.018250342147635833,0.014282512416222113,-0.010585714285714198,0.018071428571428516,-0.008535714285714313,0.018799999999999928,-0.015513333333333268,0.016113333333333202,0.025299999999999878,-0.019399999999999862,54.71171705952757,46.082168299385714,0.07380000000000009,0.10245714285714283,0.028199400533986355,2,22,10,4,295,43,-0.8660254037844386,0.5000000000000001,-0.9338372288229252,0.35769823883312546,0.9749279121818236,-0.22252093395631434,0,0,0,72.12287555356356,1.0798190808051322,2.1931407525288176
2025-10-23,2025-10-23,1.4462,1.5234,geoportal_toledo,Toledo,0.0,False,OPEC,0.0,1.4457,1.5195,1.4124,1.5209,1.461,1.5422,1.4437,1.5437,1.4455,1.5292,1.435214285714286,1.5367428571428572,1.4373642857142859,1.5381,1.4307066666666666,1.5347499999999998,0.023833829498665186,0.015361299548199791,0.017788094858116176,0.014570307002731361,0.018483281044255725,0.014209267252820124,-0.010985714285713932,0.0133428571428571,-0.008835714285714058,0.014699999999999935,-0.015493333333333359,0.01134999999999975,0.0006999999999999229,-0.005799999999999805,50.474576031646066,49.3865027645,0.07720000000000016,0.10152857142857144,0.029015209476279474,3,23,10,4,296,43,-0.8660254037844386,0.5000000000000001,-0.9275416835791965,0.3737197147904692,0.43388373911755823,-0.900968867902419,0,0,0,73.94548445737531,1.0857624903740581,2.117185786690352
2025-10-24,2025-10-24,1.4418,1.5437,geoportal_toledo,Toledo,0.0,False,OPEC,0.0,1.4462,1.5234,1.4457,1.5195,1.4124,1.5209,1.3925,1.5497,1.445,1.5578,1.4347571428571428,1.5347285714285714,1.4365857142857144,1.5377714285714286,1.4321066666666666,1.5356833333333335,0.023644792037068225,0.01286088569859708,0.017296992052549313,0.01437312816288821,0.017632609549928995,0.013829331231077269,-0.0070428571428571285,-0.00897142857142863,-0.005214285714285616,-0.005928571428571505,-0.009693333333333332,-0.008016666666666561,-0.0032000000000000917,-0.014100000000000001,48.12133723760814,48.98409863702414,0.1019000000000001,0.0999714285714286,0.02859899265625239,4,24,10,4,297,43,-0.8660254037844386,0.5000000000000001,-0.9209712877166346,0.38963044953078774,-0.433883739117558,-0.9009688679024191,0,0,0,72.95877446066484,1.077076100052409,2.2723982013406623
2025-10-25,2025-10-25,1.4468,1.5867,geoportal_toledo,Toledo,0.0,False,OPEC,0.0,1.4418,1.5437,1.4462,1.5234,1.4457,1.5195,1.461,1.5422,1.4437,1.5437,1.4352,1.5408714285714284,1.4375214285714286,1.541964285714286,1.4335566666666668,1.5375533333333335,0.02386817965409206,0.023624896069310376,0.01748221859584724,0.019090940547521505,0.01695770973746872,0.01662799329202236,-0.011600000000000055,-0.04582857142857155,-0.00927857142857147,-0.0447357142857141,-0.013243333333333274,-0.04914666666666645,0.0031000000000001027,0.04299999999999993,52.37232860079227,61.78241635288887,0.1398999999999999,0.10567142857142857,0.03233747641595394,5,25,10,4,298,43,-0.8660254037844386,0.5000000000000001,-0.9141279881853337,0.4054257283599973,-0.9749279121818236,-0.2225209339563146,1,0,0,71.83787889648892,1.075804468583515,2.208974111666827
2025-10-26,2025-10-26,1.4355,1.5424,geoportal_toledo,Toledo,0.0,False,OPEC,0.0,1.4468,1.5867,1.4418,1.5437,1.4462,1.5234,1.4124,1.5209,1.3925,1.5497,1.4413428571428573,1.5398285714285715,1.4368357142857142,1.5424214285714284,1.4340033333333333,1.53726,0.014892935365787794,0.023329503086986565,0.017349866199566986,0.019013605597103005,0.016821465829222133,0.01645567924184064,0.005842857142857261,-0.002571428571428447,0.001335714285714218,2.1428571428394605e-05,-0.0014966666666667017,-0.005139999999999922,0.04299999999999993,-0.007300000000000084,48.260869320415864,51.12123310592247,0.1069,0.09848571428571429,0.023306467526663585,6,26,10,4,299,43,-0.8660254037844386,0.5000000000000001,-0.9070138128026362,0.42110087079608916,-0.7818314824680299,0.6234898018587334,1,0,0,73.11656069676506,1.0846387642752147,2.1705629727600386
2025-10-27,2025-10-27,1.4404,1.5438,geoportal_toledo,Toledo,0.0,False,OPEC,0.0,1.4355,1.5424,1.4468,1.5867,1.4418,1.5437,1.4457,1.5195,1.461,1.5422,1.4384,1.5400571428571428,1.4369214285714287,1.5406571428571427,1.4341566666666665,1.5374066666666666,0.012142624647634628,0.023364421466755648,0.017365402321922106,0.0174927551722556,0.01685933044306668,0.01649497171728473,-0.0020000000000000018,-0.00374285714285727,-0.00347857142857122,-0.003142857142857336,-0.0062433333333333785,-0.006393333333333473,-0.020600000000000174,0.0016000000000000458,50.2181815625256,45.14353101375957,0.10340000000000016,0.10165714285714289,0.022038213565142996,0,27,10,4,300,44,-0.8660254037844386,0.5000000000000001,-0.8996308696522434,0.4366512319560638,0.0,1.0,0,0,0,71.19392012981909,1.082926628705678,2.0615353417990714
2025-10-28,2025-10-28,1.4368,1.5755,geoportal_toledo,Toledo,0.0,False,OPEC,0.0,1.4404,1.5438,1.4355,1.5424,1.4468,1.5867,1.4462,1.5234,1.4124,1.5209,1.4418857142857144,1.5478571428571428,1.436692857142857,1.5441,1.4345,1.5395533333333333,0.00458564011214402,0.024962295376751667,0.017342808941403977,0.01931045950136433,0.016802811751567913,0.01713159479528646,0.00508571428571436,-0.02764285714285708,-0.00010714285714308325,-0.03139999999999987,-0.0022999999999999687,-0.03594666666666657,0.024399999999999977,0.05459999999999998,49.424045827236654,59.84477089958052,0.13869999999999982,0.1059714285714286,0.02616981176124585,1,28,10,4,301,44,-0.8660254037844386,0.5000000000000001,-0.8919813464595487,0.45207220393230374,0.7818314824680298,0.6234898018587336,0,0,1,74.5416227579413,1.078669680038019,2.3533218968859657
2025-10-29,2025-10-29,1.4102,1.5428,geoportal_toledo,Toledo,0.0,False,OPEC,0.0,1.4368,1.5755,1.4404,1.5438,1.4355,1.5424,1.4418,1.5437,1.4457,1.5195,1.4368142857142858,1.5511857142857142,1.4359642857142858,1.5443785714285716,1.4347400000000001,1.5396033333333332,0.012487117170832868,0.021918746053810657,0.01826941989491521,0.019257732855278167,0.016383561989026785,0.017139055688253614,0.026614285714285923,0.008385714285714219,0.025764285714285906,0.0015785714285716512,0.02454000000000023,-0.0031966666666667365,-0.03550000000000009,0.023299999999999876,48.20926942593754,50.733358138297476,0.13260000000000005,0.1143714285714286,0.02341407797926374,2,29,10,4,302,44,-0.8660254037844386,0.5000000000000001,-0.8840675099433637,0.46735921715800205,0.9749279121818236,-0.22252093395631434,0,0,1,73.96958472904109,1.085074143573891,2.329730591786526
2025-10-30,2025-10-30,1.4326,1.5399,geoportal_toledo,Toledo,0.0,False,OPEC,0.0,1.4102,1.5428,1.4368,1.5755,1.4404,1.5438,1.4468,1.5867,1.4462,1.5234,1.4348714285714284,1.5535428571428571,1.435042857142857,1.5451428571428572,1.43535,1.5401233333333333,0.011823805688203622,0.019144264340602703,0.018075768492471535,0.018816266051792853,0.01593070663194538,0.016893636494934704,0.002271428571428258,0.013642857142857068,0.002442857142856969,0.005242857142857105,0.002749999999999808,0.00022333333333324212,-0.013599999999999834,0.01649999999999996,47.71357650904289,52.06483954885849,0.10729999999999995,0.11867142857142857,0.017455535348012457,3,30,10,4,303,44,-0.8660254037844386,0.5000000000000001,-0.8758917051442433,0.48250774176121763,0.43388373911755823,-0.900968867902419,0,0,1,74.2125547595813,1.072733334248534,2.3922921477572747
2025-10-31,2025-10-31,1.4372,1.5379,geoportal_toledo,Toledo,0.0,False,OPEC,0.0,1.4326,1.5399,1.4102,1.5428,1.4368,1.5755,1.4355,1.5424,1.4418,1.5437,1.4342142857142857,1.5527142857142857,1.4344857142857141,1.5437214285714287,1.4358633333333335,1.5400566666666669,0.011497888004822644,0.0197569758626696,0.01786422540863637,0.01853612599851848,0.01572582947394768,0.016898493777672146,-0.0029857142857143693,0.014814285714285669,-0.002714285714285891,0.005821428571428644,-0.0013366666666665417,0.0021566666666668066,-0.0045999999999999375,-0.005800000000000027,48.63731632392648,45.72042983222106,0.10070000000000001,0.11849999999999998,0.017652478579508277,4,31,10,4,304,44,-0.8660254037844386,0.5000000000000001,-0.8674563547295971,0.4975132889071803,-0.433883739117558,-0.9009688679024191,0,0,1,70.48299810419611,1.0861132268625646,2.1905508142536947
2025-11-01,2025-11-01,1.4502,1.5589,geoportal_toledo,Toledo,0.0,False,OPEC,0.0,1.4372,1.5379,1.4326,1.5399,1.4102,1.5428,1.4404,1.5438,1.4468,1.5867,1.4347,1.5487428571428572,1.43495,1.5448071428571428,1.4365966666666665,1.5411666666666666,0.012170319086477607,0.013631196712304144,0.018203370355725675,0.018974738846310873,0.015868456747277944,0.01700945646384397,-0.015499999999999847,-0.010157142857142754,-0.015249999999999986,-0.01409285714285713,-0.013603333333333412,-0.01773333333333338,0.0033999999999998476,-0.027800000000000047,51.09096988409748,53.17460286364057,0.10870000000000002,0.11404285714285714,0.015103405481640748,5,1,11,4,305,44,-0.5000000000000004,0.8660254037844384,-0.8587639582758031,0.5123714121284235,-0.9749279121818236,-0.2225209339563146,1,1,0,71.21167187499933,1.0901300899949797,2.192294272901184
2025-11-02,2025-11-02,1.4716,1.5712,geoportal_toledo,Toledo,0.0,False,OPEC,0.0,1.4502,1.5589,1.4372,1.5379,1.4326,1.5399,1.4368,1.5755,1.4355,1.5424,1.4398571428571427,1.5528571428571427,1.4406,1.5463428571428572,1.4387666666666667,1.5415266666666667,0.018544977500018746,0.015601587220841956,0.016176954168009218,0.02022974634943849,0.016060861258594173,0.017536679458688368,-0.031742857142857295,-0.018342857142857216,-0.030999999999999917,-0.02485714285714269,-0.03283333333333327,-0.02967333333333322,0.03610000000000002,0.028799999999999937,64.75195788641275,54.375254065423846,0.09959999999999991,0.11299999999999999,0.015909326405183395,6,2,11,4,306,44,-0.5000000000000004,0.8660254037844384,-0.8498170915275277,0.5270777086423724,-0.7818314824680299,0.6234898018587334,1,1,0,72.46067348568685,1.0836176818084298,2.1618127123738025
2025-11-03,2025-11-03,1.4487,1.568,geoportal_toledo,Toledo,0.0,False,OPEC,0.0,1.4716,1.5712,1.4502,1.5589,1.4372,1.5379,1.4102,1.5428,1.4404,1.5438,1.4410428571428573,1.5563142857142858,1.4397214285714284,1.5481857142857145,1.43855,1.54332,0.018848329469996386,0.015937735992651234,0.015293697976690326,0.020984384565775966,0.01587428521334043,0.01739612323042915,-0.007657142857142807,-0.0116857142857143,-0.008978571428571724,-0.019814285714285562,-0.010150000000000103,-0.024680000000000035,0.008300000000000196,0.0242,47.23595475896478,55.34382735094718,0.11929999999999996,0.11527142857142854,0.015438341262984854,0,3,11,4,307,45,-0.5000000000000004,0.8660254037844384,-0.8406184056344783,0.5416278206559811,0.0,1.0,0,1,0,72.43136272067306,1.0824016532397087,2.30346019244706
2025-11-04,2025-11-04,1.428,1.537,geoportal_toledo,Toledo,0.0,False,OPEC,0.0,1.4487,1.568,1.4716,1.5712,1.4502,1.5589,1.4326,1.5399,1.4368,1.5755,1.4397857142857142,1.5508142857142857,1.4408357142857144,1.5493357142857143,1.4386033333333335,1.54335,0.019461965348805513,0.014817042954138101,0.013627495234769003,0.019780666829501976,0.015834695283226622,0.017384014654769544,0.011785714285714288,0.013814285714285779,0.012835714285714506,0.012335714285714339,0.01060333333333352,0.006350000000000078,-0.008800000000000141,-0.03849999999999998,54.00822160528511,53.205893769461376,0.10899999999999999,0.11102857142857141,0.01150705787559885,1,4,11,4,308,45,-0.5000000000000004,0.8660254037844384,-0.8311706263658079,0.5560174366570446,0.7818314824680298,0.6234898018587336,0,0,0,73.24359295138741,1.077021028700583,2.1700257835505794
2025-11-05,2025-11-05,1.4394,1.5455,geoportal_toledo,Toledo,0.0,False,OPEC,0.0,1.428,1.537,1.4487,1.568,1.4716,1.5712,1.4372,1.5379,1.4102,1.5428,1.4439571428571427,1.5512000000000001,1.4403857142857142,1.551192857142857,1.43824,1.5442600000000002,0.014581021585478807,0.014607304109018391,0.013558355762740408,0.01789462593525262,0.015681366055905564,0.0167241019551693,0.004557142857142704,0.005700000000000038,0.0009857142857141454,0.005692857142856944,-0.0011600000000000499,-0.0012399999999999078,0.029200000000000115,0.0027000000000001467,48.17602740332116,55.03485640182496,0.10610000000000008,0.10724285714285713,0.0064950897204111,2,5,11,4,309,45,-0.5000000000000004,0.8660254037844384,-0.8214765533024145,0.5702422926917867,0.9749279121818236,-0.22252093395631434,0,0,0,73.9959257134008,1.0739043747328731,2.2682683398016352
2025-11-06,2025-11-06,1.4126,1.5403,geoportal_toledo,Toledo,0.0,False,OPEC,0.0,1.4394,1.5455,1.428,1.537,1.4487,1.568,1.4502,1.5589,1.4326,1.5399,1.4411000000000003,1.5512571428571427,1.4379857142857144,1.5524,1.43712,1.5443733333333334,0.018586643950249376,0.014556425516229477,0.015310572372502914,0.016381603190069677,0.016281646108425283,0.016683978135827875,0.028500000000000192,0.010957142857142665,0.025385714285714345,0.0121,0.024519999999999875,0.004073333333333373,-0.020000000000000018,0.00039999999999995595,41.55778865235731,53.256261755072174,0.12769999999999992,0.11015714285714284,0.010100801476922012,3,6,11,4,310,45,-0.5000000000000004,0.8660254037844384,-0.8115390590073611,0.5842981736283683,0.43388373911755823,-0.900968867902419,0,0,0,67.93085013782353,1.0688954714736099,2.1957995509591886
2025-11-07,2025-11-07,1.4564,1.5818,geoportal_toledo,Toledo,0.0,False,OPEC,0.0,1.4126,1.5403,1.4394,1.5455,1.428,1.537,1.4716,1.5712,1.4372,1.5379,1.443842857142857,1.5575285714285714,1.4390285714285713,1.5551214285714285,1.43849,1.5458333333333334,0.01931750994502651,0.017080565397132975,0.01606881492789175,0.017917811446517197,0.016110573739221472,0.01797362691189002,-0.012557142857142933,-0.02427142857142872,-0.017371428571428593,-0.02667857142857155,-0.01790999999999987,-0.0359666666666667,0.019199999999999884,0.04390000000000005,53.06208022530656,56.786604633055774,0.12540000000000018,0.11368571428571429,0.010550739084921774,4,7,11,4,311,45,-0.5000000000000004,0.8660254037844384,-0.801361088174677,0.5981809144059159,-0.433883739117558,-0.9009688679024191,0,0,0,69.59508788554236,1.0848161096436442,2.213064636520543
2025-11-08,2025-11-08,1.4476,1.5887,geoportal_toledo,Toledo,0.0,False,OPEC,0.0,1.4564,1.5818,1.4126,1.5403,1.4394,1.5455,1.4487,1.568,1.4502,1.5589,1.4434714285714283,1.561785714285714,1.4390857142857143,1.5552642857142855,1.43863,1.5479166666666666,0.01919954116515259,0.020790176251572638,0.01609996928534444,0.018194784000782775,0.0161728412192615,0.01919982189812033,-0.0041285714285717034,-0.02691428571428589,-0.008514285714285696,-0.03343571428571446,-0.008969999999999922,-0.040783333333333394,-0.0025999999999999357,0.02980000000000005,50.16515247633684,50.40883045555044,0.1411,0.11831428571428572,0.01440271138494751,5,8,11,4,312,45,-0.5000000000000004,0.8660254037844384,-0.7909456567567774,0.6118864012687242,-0.9749279121818236,-0.2225209339563146,1,0,0,71.09779986089839,1.074449999696496,2.2932740780004526
2025-11-09,2025-11-09,1.4239,1.5635,geoportal_toledo,Toledo,0.0,False,OPEC,0.0,1.4476,1.5887,1.4564,1.5818,1.4126,1.5403,1.428,1.537,1.4716,1.5712,1.436657142857143,1.5606857142857145,1.438257142857143,1.5567714285714287,1.43767,1.5484233333333333,0.01569775537487864,0.020409264936251885,0.016589742627285794,0.017919024208125942,0.01616362775087832,0.0194096968892699,0.012757142857143133,-0.002814285714285436,0.014357142857142957,-0.006728571428571195,0.01377000000000006,-0.015076666666666627,-0.047700000000000076,-0.00770000000000004,47.72191646971451,54.67849190000047,0.13959999999999995,0.12402857142857145,0.013655977236569904,6,9,11,4,313,45,-0.5000000000000004,0.8660254037844384,-0.780295851070776,0.6254105729852457,-0.7818314824680299,0.6234898018587334,1,0,0,74.44578578668954,1.0739642886843264,2.351258156990937
2025-11-10,2025-11-10,1.4812,1.5583,geoportal_toledo,Toledo,0.0,False,OPEC,0.0,1.4239,1.5635,1.4476,1.5887,1.4564,1.5818,1.4394,1.5455,1.4487,1.568,1.4413,1.5593000000000001,1.4411714285714285,1.557807142857143,1.4392533333333333,1.5494333333333332,0.02297339040426281,0.0201576288288088,0.020188436468260542,0.017526352215392574,0.017985161188838427,0.019096115028858683,-0.03990000000000005,0.001000000000000112,-0.040028571428571524,-0.0004928571428570727,-0.0419466666666668,-0.0088666666666668,0.03249999999999997,-0.009700000000000042,56.64495088174944,53.16179644820533,0.07709999999999995,0.11800000000000001,0.022525689038665784,0,10,11,4,314,46,-0.5000000000000004,0.8660254037844384,-0.7694148268839381,0.6387494220515268,0.0,1.0,0,0,0,74.93089333456899,1.0825321779513468,1.9712082365575316
2025-11-11,2025-11-11,1.4661,1.5633,geoportal_toledo,Toledo,0.0,False,OPEC,0.0,1.4812,1.5583,1.4239,1.5635,1.4476,1.5887,1.4126,1.5403,1.428,1.537,1.4467428571428569,1.563057142857143,1.4432642857142857,1.5569357142857143,1.4399533333333336,1.5503433333333334,0.02379578794260719,0.01759676647785661,0.021194070547529392,0.016869982770628254,0.018618098968353206,0.01908436231728666,-0.019357142857143073,-0.00024285714285698923,-0.022835714285714293,-0.0063642857142856,-0.02614666666666632,-0.012956666666666505,0.03810000000000002,0.02629999999999999,54.59968578825881,46.989140840154015,0.09719999999999995,0.11631428571428572,0.023721258297950732,1,11,11,4,315,46,-0.5000000000000004,0.8660254037844384,-0.7583058084785625,0.6518989958787125,0.7818314824680298,0.6234898018587336,0,0,0,74.39770096028485,1.0810595257213065,2.2634159972901435
2025-11-12,2025-11-12,1.4228,1.5461,geoportal_toledo,Toledo,0.0,False,OPEC,0.0,1.4661,1.5633,1.4812,1.5583,1.4239,1.5635,1.4564,1.5818,1.4394,1.5455,1.4443714285714286,1.5631428571428572,1.444164285714286,1.5571714285714287,1.4394066666666665,1.5495966666666667,0.02542116665862761,0.017498176775773484,0.019910670009314266,0.016679256051082062,0.018879909653007898,0.018785347983217522,0.021571428571428575,0.017042857142857137,0.021364285714285947,0.011071428571428621,0.016606666666666436,0.0034966666666667034,-0.016599999999999948,0.0005999999999999339,51.87947472365377,50.88188096614309,0.12329999999999997,0.11877142857142856,0.023375180162280025,2,12,11,4,316,46,-0.5000000000000004,0.8660254037844384,-0.7469720876965551,0.6648553979642866,0.9749279121818236,-0.22252093395631434,0,0,0,71.6993449596766,1.0844416433794482,2.486263408716019
2025-11-13,2025-11-13,1.4358,1.5424,geoportal_toledo,Toledo,0.0,False,OPEC,0.0,1.4228,1.5461,1.4661,1.5633,1.4812,1.5583,1.4476,1.5887,1.4126,1.5403,1.4476857142857145,1.5634428571428571,1.444392857142857,1.55735,1.4392666666666665,1.5501,0.021850128037110027,0.017053626900932803,0.019785677192809163,0.01649245748353256,0.018890927093098836,0.01836492158511945,0.0118857142857145,0.02104285714285714,0.008592857142857069,0.014950000000000019,0.003466666666666507,0.00770000000000004,0.023199999999999887,0.0020999999999999908,50.4910986166742,50.66524709456441,0.10660000000000003,0.11575714285714286,0.02339236749760184,3,13,11,4,317,46,-0.5000000000000004,0.8660254037844384,-0.7354170229639858,0.6776147890466887,0.43388373911755823,-0.900968867902419,0,0,0,72.86924290294867,1.0710294317032614,2.1539431130551243
2025-11-14,2025-11-14,1.4489,1.5519,geoportal_toledo,Toledo,0.0,False,OPEC,0.0,1.4358,1.5424,1.4228,1.5461,1.4661,1.5633,1.4239,1.5635,1.4564,1.5818,1.4466142857142859,1.5591714285714284,1.4452285714285715,1.5583500000000001,1.4402166666666667,1.5505333333333333,0.021533185905436795,0.015348693135000199,0.01970542403156459,0.015623983043827845,0.018624160862065274,0.01824451421251261,-0.0022857142857142243,0.007271428571428373,-0.0036714285714285477,0.006450000000000067,-0.008683333333333376,-0.0013666666666667382,-0.00749999999999984,-0.029900000000000038,51.749925000149894,53.58239470309441,0.10299999999999998,0.11255714285714283,0.023385526659514377,4,14,11,4,318,46,-0.5000000000000004,0.8660254037844384,-0.7236440382959123,0.690173388242972,-0.433883739117558,-0.9009688679024191,0,0,0,72.30631489306063,1.0804057542110468,2.406750903302136
2025-11-15,2025-11-15,1.4855,1.5468,geoportal_toledo,Toledo,0.0,False,OPEC,0.0,1.4489,1.5519,1.4358,1.5424,1.4228,1.5461,1.4812,1.5583,1.4476,1.5887,1.4520285714285712,1.5531857142857144,1.4477500000000003,1.5574857142857144,1.44155,1.55112,0.026102344357401844,0.008600470640500322,0.022456821817743364,0.01592302914469582,0.02036583938346497,0.017812730821250983,-0.03347142857142882,0.006385714285714439,-0.03774999999999973,0.01068571428571441,-0.043949999999999934,0.0043200000000001015,0.037900000000000045,-0.04190000000000005,54.9315449094603,46.629526098711224,0.06129999999999991,0.10115714285714282,0.026407628767893137,5,15,11,4,319,46,-0.5000000000000004,0.8660254037844384,-0.7116566222817751,0.7025274741691566,-0.9749279121818236,-0.2225209339563146,1,0,0,75.71729908001458,1.0732209812367377,2.2224291647629886
2025-11-16,2025-11-16,1.461,1.5525,geoportal_toledo,Toledo,0.0,False,OPEC,0.0,1.4855,1.5468,1.4489,1.5519,1.4358,1.5424,1.4661,1.5633,1.4239,1.5635,1.4573285714285713,1.5516142857142856,1.4469928571428572,1.5561500000000001,1.4420833333333334,1.5509433333333331,0.023024024719534172,0.007309908474445708,0.0217586928441426,0.015461751816361129,0.020666582776989264,0.017770426485350998,-0.0036714285714287698,-0.0008857142857143785,-0.014007142857142885,0.003650000000000153,-0.018916666666666693,-0.0015566666666668727,0.03710000000000013,-0.010999999999999899,48.531855767466496,44.59224949433693,0.09149999999999991,0.09428571428571424,0.020285744466778347,6,16,11,4,320,46,-0.5000000000000004,0.8660254037844384,-0.6994583270516471,0.7146733860429609,-0.7818314824680299,0.6234898018587334,1,0,0,72.00632744638555,1.0668347574781143,2.1945959049670507
2025-11-17,2025-11-17,1.4287,1.5562,geoportal_toledo,Toledo,0.0,False,OPEC,0.0,1.461,1.5525,1.4855,1.5468,1.4489,1.5519,1.4228,1.5461,1.4812,1.5583,1.4498285714285715,1.5513142857142856,1.4455642857142856,1.5553071428571428,1.4415833333333334,1.55136,0.02249679342230179,0.007027429252918364,0.022288099865273903,0.015083075807810363,0.02080709566193818,0.01774125525240631,0.021128571428571385,-0.004885714285714382,0.016864285714285554,-0.0008928571428572507,0.012883333333333358,-0.0048399999999999554,-0.05249999999999999,-0.0020999999999999908,47.300215803940866,46.59746213819812,0.12749999999999995,0.10148571428571425,0.0220379542737394,0,17,11,4,321,47,-0.5000000000000004,0.8660254037844384,-0.6870527672236675,0.726607524768565,0.0,1.0,0,0,0,74.95189703881692,1.0768307415851481,2.293439300889964
2025-11-18,2025-11-18,1.4418,1.5901,geoportal_toledo,Toledo,0.0,False,OPEC,0.0,1.4287,1.5562,1.461,1.5525,1.4855,1.5468,1.4358,1.5424,1.4661,1.5633,1.4463571428571431,1.555142857142857,1.44655,1.5591000000000002,1.4432266666666667,1.5527066666666667,0.021416415599788498,0.01609542969736673,0.0217502166213799,0.01671360569669482,0.01862976730625061,0.01909273075848745,0.004557142857143148,-0.03495714285714313,0.004750000000000032,-0.030999999999999917,0.0014266666666666872,-0.03739333333333339,-0.02429999999999999,0.026800000000000157,51.90187411063224,65.05955705568135,0.1483000000000001,0.10878571428571426,0.028030366186895084,1,18,11,4,322,47,-0.5000000000000004,0.8660254037844384,-0.6744436188329457,0.7383263540031063,0.7818314824680298,0.6234898018587336,0,0,0,71.55148988626158,1.0825751664285042,2.313980282977343
2025-11-19,2025-11-19,1.45,1.5421,geoportal_toledo,Toledo,0.0,False,OPEC,0.0,1.4418,1.5901,1.4287,1.5562,1.461,1.5525,1.4489,1.5519,1.4228,1.5461,1.4502428571428572,1.5545714285714287,1.447307142857143,1.5588571428571427,1.44286,1.5527033333333333,0.018728842030663058,0.016534984556561612,0.021666509579594612,0.016949459455220105,0.018374393726802888,0.019094636967471806,0.00024285714285721127,0.012471428571428689,-0.0026928571428570525,0.016757142857142693,-0.007139999999999924,0.010603333333333298,0.02719999999999989,-0.0040000000000000036,51.47385964387262,49.21223323031914,0.09210000000000007,0.10432857142857142,0.02781754328271489,2,19,11,4,323,47,-0.5000000000000004,0.8660254037844384,-0.661634618242279,0.749826401204568,0.9749279121818236,-0.22252093395631434,0,0,0,73.95467137951714,1.09665106984863,2.090006557385398
2025-11-20,2025-11-20,1.4286,1.5604,geoportal_toledo,Toledo,0.0,False,OPEC,0.0,1.45,1.5421,1.4418,1.5901,1.4287,1.5562,1.4855,1.5468,1.4358,1.5424,1.4492142857142858,1.5571428571428572,1.4484499999999998,1.5602928571428571,1.4434,1.5540200000000002,0.019820143673497978,0.01570550403975875,0.020057177882628775,0.016085945336305547,0.017673006886599108,0.018165264313689682,0.020614285714285696,-0.0032571428571428473,0.0198499999999997,-0.0001071428571428612,0.014799999999999924,-0.00637999999999983,-0.007199999999999873,0.018000000000000016,52.258610747707365,54.3905632322115,0.13179999999999992,0.1079285714285714,0.029725674328528125,3,20,11,4,324,47,-0.5000000000000004,0.8660254037844384,-0.6486295610349818,0.7611042586607742,0.43388373911755823,-0.900968867902419,0,0,0,69.02369395542627,1.0849146657771789,2.266277035620734
2025-11-21,2025-11-21,1.4783,1.5455,geoportal_toledo,Toledo,0.0,False,OPEC,0.0,1.4286,1.5604,1.45,1.5421,1.4418,1.5901,1.461,1.5525,1.4489,1.5519,1.4534142857142858,1.5562285714285715,1.4500142857142857,1.5577,1.4444866666666667,1.5548866666666668,0.022654758776868514,0.016238812999079304,0.02152518586153567,0.015256776552378481,0.018786472266763384,0.017047352577014962,-0.024885714285714178,0.01072857142857142,-0.028285714285714247,0.012199999999999989,-0.03381333333333325,0.009386666666666654,0.02939999999999987,-0.006399999999999961,53.04082178767801,41.028175692340845,0.06720000000000015,0.10281428571428572,0.03354879176023226,4,21,11,4,325,47,-0.5000000000000004,0.8660254037844384,-0.6354323008901775,0.7721565844991641,-0.433883739117558,-0.9009688679024191,0,0,0,76.01194351727628,1.077517074053403,2.1545920567320196
2025-11-22,2025-11-22,1.4544,1.5799,geoportal_toledo,Toledo,0.0,False,OPEC,0.0,1.4783,1.5455,1.4286,1.5604,1.45,1.5421,1.4287,1.5562,1.4855,1.5468,1.4489714285714286,1.560957142857143,1.4505,1.5570714285714284,1.44476,1.55677,0.01785466458993427,0.017781625079733843,0.02154323024132635,0.014011831735051794,0.018871719399764095,0.016562944724022834,-0.005428571428571338,-0.01894285714285715,-0.0039000000000000146,-0.022828571428571642,-0.009639999999999871,-0.023130000000000095,-0.031100000000000128,0.03310000000000013,50.90618317892149,48.08529126492862,0.12550000000000017,0.11198571428571433,0.028738848769069156,5,22,11,4,326,47,-0.5000000000000004,0.8660254037844384,-0.622046748440868,0.7829801036770625,-0.9749279121818236,-0.2225209339563146,1,0,0,76.15100664674128,1.0883146050473365,2.184379856240401
2025-11-23,2025-11-23,1.4569,1.5785,geoportal_toledo,Toledo,0.0,False,OPEC,0.0,1.4544,1.5799,1.4783,1.5455,1.4286,1.5604,1.4418,1.5901,1.461,1.5525,1.4483857142857144,1.564671428571429,1.4528571428571428,1.558142857142857,1.4452633333333333,1.5579299999999998,0.01745713116670186,0.018424504903861508,0.020170531219339767,0.01507441614053416,0.018991041142553098,0.01683244301731142,-0.008514285714285696,-0.01382857142857108,-0.004042857142857237,-0.020357142857142962,-0.01163666666666674,-0.0205700000000002,-0.0040999999999999925,0.026000000000000023,54.66101673297904,53.640776334480194,0.12159999999999993,0.11628571428571433,0.027382684831320447,6,23,11,4,327,47,-0.5000000000000004,0.8660254037844384,-0.6084768701151264,0.7935716089521472,-0.7818314824680299,0.6234898018587334,1,0,0,75.41855676119923,1.08179513668319,2.174760326451845
2025-11-24,2025-11-24,1.4571,1.5432,geoportal_toledo,Toledo,0.0,False,OPEC,0.0,1.4569,1.5785,1.4544,1.5799,1.4783,1.5455,1.45,1.5421,1.4287,1.5562,1.4524428571428574,1.5628142857142857,1.4511357142857144,1.5570642857142858,1.4456066666666665,1.55648,0.015284508185617088,0.020007867500180885,0.018527011762159436,0.015593569046384852,0.01911249696480992,0.016127496331763223,-0.004657142857142693,0.019614285714285806,-0.005964285714285644,0.013864285714285884,-0.011493333333333577,0.01328000000000018,0.02839999999999998,-0.013000000000000123,45.94139419226018,46.80220217906358,0.08609999999999984,0.11037142857142859,0.02898112686362824,0,24,11,4,328,48,-0.5000000000000004,0.8660254037844384,-0.594726686960764,0.8039279618328208,0.0,1.0,0,0,0,72.88716330899955,1.0761762012555844,2.244062462546621
2025-11-25,2025-11-25,1.426,1.5393,geoportal_toledo,Toledo,0.0,False,OPEC,0.0,1.4571,1.5432,1.4569,1.5785,1.4544,1.5799,1.4286,1.5604,1.4418,1.5901,1.4501857142857142,1.5555571428571429,1.4482714285714287,1.55535,1.44529,1.5563766666666665,0.018036946209695117,0.017519689603687074,0.019125634371437657,0.016164098394994234,0.01936278602780613,0.01623042446028204,0.024185714285714255,0.01625714285714297,0.02227142857142872,0.01605000000000012,0.01929000000000003,0.01707666666666663,-0.015800000000000036,-0.05080000000000018,43.59220178642031,44.89361675382527,0.11329999999999996,0.10537142857142857,0.023925001865950042,1,25,11,4,329,48,-0.5000000000000004,0.8660254037844384,-0.5808002734538013,0.8140460935082175,0.7818314824680298,0.6234898018587336,0,0,0,75.04622660236984,1.079557081299181,2.2810684674163437
2025-11-26,2025-11-26,1.4215,1.5518,geoportal_toledo,Toledo,0.0,False,OPEC,0.0,1.426,1.5393,1.4571,1.5432,1.4569,1.5785,1.4783,1.5455,1.45,1.5421,1.446114285714286,1.5569428571428572,1.4481785714285713,1.5557571428571428,1.44466,1.5566433333333334,0.021050687128249212,0.016639396738149608,0.019261487224768437,0.015983968616937117,0.019829229557084924,0.01608170267476495,0.02461428571428592,0.005142857142857116,0.02667857142857133,0.00395714285714277,0.02316000000000007,0.004843333333333311,-0.02849999999999997,0.009700000000000042,49.76286001580442,51.23751597163473,0.13030000000000008,0.11082857142857143,0.024736189027799883,2,26,11,4,330,48,-0.5000000000000004,0.8660254037844384,-0.5667017562911184,0.8239230057575536,0.9749279121818236,-0.22252093395631434,0,0,0,70.50520137773522,1.0768588295906782,2.3316896308534525
2025-11-27,2025-11-27,1.4512,1.5687,geoportal_toledo,Toledo,0.0,False,OPEC,0.0,1.4215,1.5518,1.426,1.5393,1.4571,1.5432,1.4544,1.5799,1.4286,1.5604,1.449342857142857,1.5581285714285715,1.4492785714285716,1.5576357142857142,1.4451399999999999,1.5564166666666668,0.019599902818029428,0.017212661452713728,0.0189371908635422,0.0158382014879721,0.01980667947244368,0.015853055472560926,-0.0018571428571430015,-0.010571428571428454,-0.0019214285714284074,-0.011064285714285749,-0.006060000000000176,-0.012283333333333202,0.022599999999999953,0.008299999999999974,52.647867697018526,55.40041035909414,0.11749999999999994,0.10878571428571429,0.023262160158465408,3,27,11,4,331,48,-0.5000000000000004,0.8660254037844384,-0.5524353131676203,0.8335557718385695,0.43388373911755823,-0.900968867902419,0,0,0,71.96135231396804,1.0857280939772247,2.0430784714311603
2025-11-28,2025-11-28,1.4599,1.5878,geoportal_toledo,Toledo,0.0,False,OPEC,0.0,1.4512,1.5687,1.4215,1.5518,1.426,1.5393,1.4569,1.5785,1.4783,1.5455,1.4467142857142858,1.5641714285714285,1.4500642857142856,1.5602,1.4467966666666667,1.5579166666666668,0.01596615467913628,0.0193345730308624,0.019147307789985107,0.017641646530515916,0.018838286094772217,0.016630115667861076,-0.013185714285714134,-0.023628571428571554,-0.009835714285714392,-0.02760000000000007,-0.013103333333333245,-0.029883333333333262,-0.018399999999999972,0.042300000000000004,51.92039080765171,57.09205815911148,0.12790000000000012,0.11745714285714286,0.01503549767969766,4,28,11,4,332,48,-0.5000000000000004,0.8660254037844384,-0.5380051715382992,0.8429415373547832,-0.433883739117558,-0.9009688679024191,0,0,1,75.29274823156054,1.0865109964955733,2.382847657130644
2025-11-29,2025-11-29,1.4628,1.6008,geoportal_toledo,Toledo,0.0,False,OPEC,0.0,1.4599,1.5878,1.4512,1.5687,1.4215,1.5518,1.4571,1.5432,1.4544,1.5799,1.4479142857142857,1.5671571428571427,1.448442857142857,1.564057142857143,1.4478033333333333,1.5599466666666666,0.016926845401258463,0.023362424042528238,0.016723438838750663,0.020203720688781433,0.01886038510838959,0.018014376123708473,-0.014885714285714391,-0.03364285714285731,-0.01435714285714318,-0.036742857142856966,-0.01499666666666677,-0.04085333333333341,0.008400000000000185,0.02089999999999992,45.50850786026154,60.344827262518166,0.1379999999999999,0.11924285714285711,0.01678986372218447,5,29,11,4,333,48,-0.5000000000000004,0.8660254037844384,-0.5234156073655503,0.8520775211013093,-0.9749279121818236,-0.2225209339563146,1,0,1,73.80297657992728,1.091588019198041,2.358115418679846
2025-11-30,2025-11-30,1.458,1.5668,geoportal_toledo,Toledo,0.0,False,OPEC,0.0,1.4628,1.6008,1.4599,1.5878,1.4512,1.5687,1.426,1.5393,1.4569,1.5785,1.4480714285714285,1.5654857142857141,1.4482285714285712,1.5650785714285713,1.4484966666666665,1.56091,0.01702896691774705,0.02282808420720996,0.016568664983657753,0.019934167751777535,0.018839457553749314,0.01756179925586923,-0.009928571428571509,-0.0013142857142858233,-0.009771428571428764,-0.0017214285714286515,-0.009503333333333419,-0.005889999999999951,0.0010999999999998789,-0.011700000000000044,49.35622287940464,52.47148263581031,0.10880000000000001,0.1174142857142857,0.01718278485106816,6,30,11,4,334,48,-0.5000000000000004,0.8660254037844384,-0.5086709438521042,0.8609610158889945,-0.7818314824680299,0.6234898018587334,1,0,1,76.55228950421429,1.0772828752609294,2.324066282502768
2025-12-01,2025-12-01,1.459,1.5494,geoportal_toledo,Toledo,0.0,False,OPEC,0.0,1.458,1.5668,1.4628,1.6008,1.4599,1.5878,1.4215,1.5518,1.4571,1.5432,1.448342857142857,1.5663714285714287,1.4503928571428573,1.5645928571428571,1.44879,1.5605933333333333,0.01721102913278381,0.02192158101701963,0.015781803752117757,0.020247524607892614,0.018935158868604512,0.017684513648627904,-0.010657142857143143,0.016971428571428637,-0.008607142857142813,0.015192857142857008,-0.010210000000000052,0.011193333333333166,0.0019000000000000128,0.006200000000000205,57.51115478177681,48.87788756294047,0.09040000000000004,0.11802857142857144,0.015906153346605036,0,1,12,4,335,49,-2.4492935982947064e-16,1.0,-0.49377555015997737,0.8695893893466109,0.0,1.0,0,1,0,71.40316038845653,1.0856549711115,2.2621344467935893
2025-12-02,2025-12-02,1.4361,1.5773,geoportal_toledo,Toledo,0.0,False,OPEC,0.0,1.459,1.5494,1.458,1.5668,1.4628,1.6008,1.4512,1.5687,1.426,1.5393,1.449785714285714,1.5717999999999999,1.4499857142857144,1.5636785714285715,1.4476066666666665,1.5607966666666668,0.015348336345397083,0.018545529560158643,0.016091032244121173,0.01927266611916018,0.018566189762545062,0.017845012503900592,0.013685714285714079,-0.00550000000000006,0.013885714285714501,-0.013621428571428451,0.011506666666666554,-0.016503333333333092,0.010099999999999998,0.038000000000000034,48.652481947454014,47.84511761958528,0.1412,0.12201428571428573,0.017895011276091135,1,2,12,4,336,49,-2.4492935982947064e-16,1.0,-0.4787338401157883,0.8779600847008883,0.7818314824680298,0.6234898018587336,0,1,0,74.75962564608251,1.077439799807334,2.3626228515261567
2025-12-03,2025-12-03,1.4573,1.5561,geoportal_toledo,Toledo,0.0,False,OPEC,0.0,1.4361,1.5773,1.459,1.5494,1.458,1.5668,1.4599,1.5878,1.4215,1.5518,1.4549,1.5724142857142858,1.450507142857143,1.5646785714285714,1.4478933333333333,1.5604000000000002,0.009006664199358404,0.017830070907640307,0.016209373560036794,0.01841083203616012,0.018649857785041715,0.01781160024950809,-0.0023999999999999577,0.016314285714285726,-0.006792857142857045,0.008578571428571324,-0.009406666666666785,0.0043000000000001926,0.035800000000000054,0.0042999999999999705,51.62583486736675,52.590673302639004,0.0988,0.11751428571428571,0.019364437212876298,2,3,12,4,337,49,-2.4492935982947064e-16,1.0,-0.4635502709028512,0.8860706215341378,0.9749279121818236,-0.22252093395631434,0,1,0,71.68692450366306,1.085060312692828,2.257956843028698
2025-12-04,2025-12-04,1.4431,1.5639,geoportal_toledo,Toledo,0.0,False,OPEC,0.0,1.4573,1.5561,1.4361,1.5773,1.459,1.5494,1.4628,1.6008,1.4512,1.5687,1.4537428571428574,1.5717285714285716,1.4515428571428572,1.5649285714285714,1.4483966666666668,1.5612966666666668,0.01002411378341558,0.018087169880491687,0.015129172751075892,0.018371986558612902,0.018294835965060947,0.017261587479106635,0.010642857142857398,0.007828571428571518,0.008442857142857196,0.0010285714285713787,0.005296666666666727,-0.002603333333333291,-0.008099999999999996,-0.0047999999999999154,53.33640094491042,50.67385417426495,0.12080000000000002,0.11798571428571429,0.01940416008415279,3,4,12,4,338,49,-2.4492935982947064e-16,1.0,-0.4482293417404106,0.893918596519257,0.43388373911755823,-0.900968867902419,0,0,0,74.08889728789127,1.0861651269607966,2.250554292659277
2025-12-05,2025-12-05,1.4542,1.5955,geoportal_toledo,Toledo,0.0,False,OPEC,0.0,1.4431,1.5639,1.4573,1.5561,1.4361,1.5773,1.458,1.5668,1.4599,1.5878,1.4529285714285716,1.5728285714285715,1.4498214285714286,1.5685,1.44889,1.5629633333333333,0.009665697816801433,0.019413029497885325,0.013083235225129636,0.019148127042369588,0.01824334266860433,0.018078287287914406,-0.001271428571428368,-0.022671428571428454,-0.004378571428571343,-0.026999999999999913,-0.005309999999999926,-0.03253666666666666,-0.005700000000000038,0.007699999999999818,43.25685472546395,59.04486221902021,0.14129999999999998,0.11989999999999999,0.021129521212433236,4,5,12,4,339,49,-2.4492935982947064e-16,1.0,-0.4327755925504317,0.9015016841318838,-0.433883739117558,-0.9009688679024191,0,0,0,75.13780585163624,1.071025639965989,2.327915070903384
2025-12-06,2025-12-06,1.4562,1.5755,geoportal_toledo,Toledo,0.0,False,OPEC,0.0,1.4542,1.5955,1.4431,1.5639,1.4573,1.5561,1.459,1.5494,1.4628,1.6008,1.4519857142857142,1.569214285714286,1.44995,1.5681857142857143,1.4503433333333333,1.5641366666666665,0.008827877920057264,0.015245155358500222,0.013140410367085709,0.018982009990953536,0.016942981118899452,0.017694875224069866,-0.004214285714285726,-0.006285714285714006,-0.006249999999999867,-0.007314285714285607,-0.005856666666666621,-0.011363333333333392,-0.006600000000000161,-0.0253000000000001,50.573979140283356,49.160305080822766,0.11929999999999996,0.11722857142857143,0.01958542947241769,5,6,12,4,340,49,-2.4492935982947064e-16,1.0,-0.41719360261231697,0.9088176373395028,-0.9749279121818236,-0.2225209339563146,1,0,0,74.4012873910337,1.0890046606716959,2.2112073821043547
2025-12-07,2025-12-07,1.4593,1.5851,geoportal_toledo,Toledo,0.0,False,OPEC,0.0,1.4562,1.5755,1.4542,1.5955,1.4431,1.5639,1.4361,1.5773,1.458,1.5668,1.4521714285714287,1.5718285714285716,1.4501214285714286,1.5686571428571428,1.45044,1.5642466666666668,0.008987716485239937,0.016295062062449954,0.013253224778633912,0.0193365224097058,0.01698694427676885,0.017818292292750282,-0.007128571428571373,-0.013271428571428379,-0.00917857142857148,-0.016442857142857203,-0.00886000000000009,-0.02085333333333317,0.0013000000000000789,0.018299999999999983,50.762388366789416,51.22131727716563,0.1257999999999999,0.11965714285714284,0.019419393840767973,6,7,12,4,341,49,-2.4492935982947064e-16,1.0,-0.4014879892059737,0.9158642882672868,-0.7818314824680299,0.6234898018587334,1,0,0,76.27181119020838,1.0742594323735357,2.111412101923687
2025-12-08,2025-12-08,1.4315,1.5739,geoportal_toledo,Toledo,0.0,False,OPEC,0.0,1.4593,1.5851,1.4562,1.5755,1.4542,1.5955,1.4573,1.5561,1.459,1.5494,1.4482428571428572,1.5753285714285714,1.448292857142857,1.57085,1.449903333333333,1.5637533333333333,0.011234746272592546,0.01296581586142701,0.013963329131678791,0.01791607572072414,0.017330608428607702,0.017315704120693495,0.01674285714285717,0.0014285714285713347,0.016792857142857054,-0.003049999999999997,0.018403333333333105,-0.010146666666666748,-0.02750000000000008,0.024499999999999966,43.0810807550621,56.23730158987318,0.14240000000000008,0.12708571428571427,0.016008584006862177,0,8,12,4,342,50,-2.4492935982947064e-16,1.0,-0.38566340624360745,0.9226395488404875,0.0,1.0,0,0,0,71.61952899474802,1.0907918272423858,2.3930947881728533
2025-12-09,2025-12-09,1.4502,1.555,geoportal_toledo,Toledo,0.0,False,OPEC,0.0,1.4315,1.5739,1.4593,1.5851,1.4562,1.5755,1.4431,1.5639,1.4361,1.5773,1.4502571428571431,1.5721428571428573,1.4500214285714286,1.5719714285714286,1.4507800000000002,1.56347,0.009876716246279959,0.014983308173082925,0.012401934003734872,0.016198358348510588,0.016620519100569466,0.017389377455097742,5.714285714319978e-05,0.01714285714285735,-0.00017857142857136132,0.016971428571428637,0.000580000000000247,0.008469999999999978,0.014100000000000001,-0.022299999999999986,57.0104282745388,53.0065106311409,0.1048,0.12188571428571428,0.0165620478374937,1,9,12,4,343,50,-2.4492935982947064e-16,1.0,-0.3697245428906732,0.9291414114031743,0.7818314824680298,0.6234898018587336,0,0,0,71.029537468044,1.0913125696621735,2.312518980045448
2025-12-10,2025-12-10,1.4639,1.5701,geoportal_toledo,Toledo,0.0,False,OPEC,0.0,1.4502,1.555,1.4315,1.5739,1.4593,1.5851,1.4542,1.5955,1.4573,1.5561,1.4512,1.574142857142857,1.45305,1.5732785714285715,1.4502033333333335,1.5638633333333334,0.010920927921503397,0.01332789770154725,0.009806728459427724,0.015149825008961178,0.015808977879963538,0.017401852523923057,-0.012699999999999934,0.004042857142857015,-0.010850000000000026,0.003178571428571475,-0.013696666666666468,-0.006236666666666668,0.006599999999999939,0.014000000000000012,61.66116564177316,53.469851820789565,0.10620000000000007,0.12294285714285715,0.015005982933800925,2,10,12,4,344,50,-2.4492935982947064e-16,1.0,-0.35367612217637207,0.935367949313148,0.9749279121818236,-0.22252093395631434,0,0,0,73.6269330025722,1.0735932792999825,2.502141563458942
2025-12-11,2025-12-11,1.4496,1.588,geoportal_toledo,Toledo,0.0,False,OPEC,0.0,1.4639,1.5701,1.4502,1.555,1.4315,1.5739,1.4562,1.5755,1.4431,1.5639,1.4521285714285714,1.5775857142857141,1.452935714285714,1.574657142857143,1.4496533333333332,1.5646866666666668,0.010380384431820742,0.013353704675912351,0.009839215661585604,0.01557333590496066,0.015521258688146055,0.01794996366019435,0.0025285714285714356,-0.010414285714285931,0.0033357142857139976,-0.0133428571428571,5.333333333323864e-05,-0.023313333333333297,0.00649999999999995,0.02410000000000001,49.51923035260262,53.645636285969466,0.13840000000000008,0.12545714285714288,0.016026837611005023,3,11,12,4,345,50,-2.4492935982947064e-16,1.0,-0.33752289959411347,0.941317317512847,0.43388373911755823,-0.900968867902419,0,0,0,77.48042603514088,1.074807816359445,2.2585878511282225
2025-12-12,2025-12-12,1.453,1.5759,geoportal_toledo,Toledo,0.0,False,OPEC,0.0,1.4496,1.588,1.4639,1.5701,1.4502,1.555,1.4593,1.5851,1.4542,1.5955,1.4519571428571427,1.5747857142857142,1.4524428571428574,1.5738071428571427,1.45066,1.56568,0.01035033930890816,0.010777821142117804,0.00963421102000827,0.015118936892096597,0.014675891560768253,0.017708860046257335,-0.0010428571428573452,-0.0011142857142858453,-0.0005571428571427006,-0.0020928571428573406,-0.0023400000000000087,-0.010220000000000118,-0.0011999999999998678,-0.01959999999999984,47.858472582235535,47.691113439008305,0.12290000000000001,0.12282857142857144,0.014424136517854909,4,12,12,4,346,50,-2.4492935982947064e-16,1.0,-0.32126966169236515,0.9469877530760751,-0.433883739117558,-0.9009688679024191,0,0,0,72.64136056529966,1.0817039116915568,2.2232060596982466
2025-12-13,2025-12-13,1.4657,1.6,geoportal_toledo,Toledo,0.0,False,OPEC,0.0,1.453,1.5759,1.4496,1.588,1.4639,1.5701,1.4315,1.5739,1.4562,1.5755,1.4533142857142856,1.5782857142857143,1.45265,1.57375,1.4516566666666668,1.5675999999999999,0.011552406469567284,0.014413353596745528,0.009901495613524349,0.01501018884727025,0.014647176574656804,0.018213125240729003,-0.012385714285714444,-0.021714285714285797,-0.013050000000000006,-0.026250000000000107,-0.014043333333333186,-0.032400000000000206,0.009500000000000064,0.02450000000000019,50.84844896905891,49.85119021654888,0.13430000000000009,0.12497142857142861,0.014918301320382153,5,13,12,4,347,50,-2.4492935982947064e-16,1.0,-0.3049212246562894,0.9523775757303973,-0.9749279121818236,-0.2225209339563146,1,0,0,77.14073129412957,1.0866671704723625,2.199399056958438
2025-12-14,2025-12-14,1.4507,1.5985,geoportal_toledo,Toledo,0.0,False,OPEC,0.0,1.4657,1.6,1.453,1.5759,1.4496,1.588,1.4502,1.555,1.4593,1.5851,1.4520857142857142,1.5801999999999998,1.4521285714285717,1.5760142857142856,1.4517166666666665,1.5691533333333334,0.01126342585116834,0.01624294718742229,0.009789667124964426,0.016223101152028654,0.014639179441233148,0.01880549687308672,0.0013857142857141014,-0.018300000000000205,0.0014285714285715567,-0.022485714285714442,0.0010166666666664437,-0.029346666666666632,-0.008599999999999941,0.013400000000000079,47.98453855782249,56.707574780403725,0.14779999999999993,0.12811428571428576,0.0172561514221672,6,14,12,4,348,50,-2.4492935982947064e-16,1.0,-0.2884824328806098,0.9574851883550389,-0.7818314824680299,0.6234898018587334,1,0,0,76.1470804421056,1.0740754695258024,2.116795088622611
2025-12-15,2025-12-15,1.458,1.5691,geoportal_toledo,Toledo,0.0,False,OPEC,0.0,1.4507,1.5985,1.4657,1.6,1.453,1.5759,1.4639,1.5701,1.4315,1.5739,1.4558714285714287,1.5795142857142856,1.4520571428571427,1.5774214285714285,1.4508,1.5698966666666665,0.006733922652193034,0.016649467315947936,0.009739192375751432,0.014499929897516991,0.013245454653030876,0.01832607871093912,-0.0021285714285712576,0.01041428571428571,-0.00594285714285725,0.00832142857142859,-0.007199999999999873,0.0007966666666665567,0.026499999999999968,-0.0048000000000001375,49.733190663679444,53.96697512865979,0.11109999999999998,0.12364285714285717,0.016990669708485825,0,15,12,4,349,51,-2.4492935982947064e-16,1.0,-0.27195815753410524,0.9623090774541487,0.0,1.0,0,0,0,73.77587634057629,1.0775349553313502,2.2751649205561986
2025-12-16,2025-12-16,1.4773,1.5881,geoportal_toledo,Toledo,0.0,False,OPEC,0.0,1.458,1.5691,1.4507,1.5985,1.4657,1.6,1.4496,1.588,1.4502,1.555,1.459742857142857,1.5842428571428573,1.4549999999999998,1.5781928571428572,1.4513433333333334,1.5710833333333334,0.009951357887722006,0.012776783260126453,0.010721653144635437,0.014777605941510822,0.013991590659942207,0.018313346995044753,-0.01755714285714305,-0.0038571428571427813,-0.02230000000000021,-0.009907142857142892,-0.025956666666666628,-0.01701666666666668,0.027100000000000124,0.03310000000000013,61.207834136610664,52.25563879215586,0.11080000000000001,0.12450000000000003,0.01600437440201899,1,16,12,4,350,51,-2.4492935982947064e-16,1.0,-0.2553532951161881,0.9668478136052773,0.7818314824680298,0.6234898018587336,0,0,0,75.65037084301908,1.0833936167116363,2.325478657485224
2025-12-17,2025-12-17,1.4742,1.5882,geoportal_toledo,Toledo,0.0,False,OPEC,0.0,1.4773,1.5881,1.458,1.5691,1.4507,1.5985,1.453,1.5759,1.4639,1.5701,1.4612142857142858,1.5868285714285713,1.4562071428571426,1.5804857142857145,1.45286,1.57215,0.011333935558229445,0.011167768247018105,0.011888421276165498,0.013523077548160435,0.013918323323515296,0.018348461365541073,-0.012985714285714156,-0.001371428571428801,-0.017992857142857366,-0.0077142857142855625,-0.021339999999999915,-0.01605000000000012,0.010299999999999976,0.018100000000000005,55.099577084252196,57.35226715394789,0.1140000000000001,0.12561428571428573,0.014739451433870577,2,17,12,4,351,51,-2.4492935982947064e-16,1.0,-0.23867276600594997,0.9711000518829505,0.9749279121818236,-0.22252093395631434,0,0,0,71.99804041371411,1.0834480911792947,2.3959990595247453
2025-12-18,2025-12-18,1.4869,1.5727,geoportal_toledo,Toledo,0.0,False,OPEC,0.0,1.4742,1.5882,1.4773,1.5881,1.458,1.5691,1.4657,1.6,1.4496,1.588,1.4665428571428571,1.5846428571428572,1.4593357142857144,1.5811142857142857,1.4543633333333332,1.5715700000000001,0.01352070722297932,0.012336376715885744,0.013785645106016426,0.012882179530284577,0.01507048916519099,0.018033802551950973,-0.020357142857142962,0.011942857142857255,-0.027564285714285708,0.008414285714285707,-0.03253666666666688,-0.0011299999999998533,0.03730000000000011,-0.015300000000000091,63.33739288262882,51.94690233307227,0.08579999999999988,0.1181,0.019706005852700534,3,18,12,4,352,51,-2.4492935982947064e-16,1.0,-0.22192151300416674,0.9750645322571945,0.43388373911755823,-0.900968867902419,0,0,0,73.6700112819588,1.0864791216545724,2.284291238732207
2025-12-19,2025-12-19,1.4659,1.5887,geoportal_toledo,Toledo,0.0,False,OPEC,0.0,1.4869,1.5727,1.4742,1.5882,1.4773,1.5881,1.4507,1.5985,1.453,1.5759,1.4683857142857144,1.5864714285714285,1.4601714285714287,1.5806285714285715,1.4548933333333334,1.5731233333333334,0.012179823284354168,0.011759636372741541,0.013804983970204595,0.01241787970080524,0.015190853267294878,0.017403818117225456,0.0024857142857144243,-0.0022285714285714686,-0.005728571428571305,-0.008071428571428507,-0.011006666666666609,-0.015576666666666572,0.012899999999999912,0.012799999999999923,53.36013742272148,48.38403009630401,0.12280000000000002,0.11808571428571428,0.01970198201293708,4,19,12,4,353,51,-2.4492935982947064e-16,1.0,-0.20510449986861926,0.9787400799669153,-0.433883739117558,-0.9009688679024191,0,0,0,73.2458457694656,1.082179421726385,2.3628788803477048
2025-12-20,2025-12-20,1.4742,1.5977,geoportal_toledo,Toledo,0.0,False,OPEC,0.0,1.4659,1.5887,1.4869,1.5727,1.4742,1.5882,1.458,1.5691,1.4657,1.6,1.4696,1.586142857142857,1.4614571428571428,1.5822142857142858,1.4564133333333333,1.5743666666666667,0.012290646850349246,0.0113434058881323,0.014238070001326032,0.013110703621487307,0.014744016514792803,0.01779155811698002,-0.0045999999999999375,-0.011557142857142821,-0.012742857142857167,-0.015485714285714103,-0.017786666666666617,-0.023333333333333206,0.008499999999999952,-0.0023000000000001908,54.98891309875566,55.56669971016358,0.12349999999999994,0.11654285714285713,0.018613423215774253,5,20,12,4,354,51,-2.4492935982947064e-16,1.0,-0.1882267098432439,0.9821256058680006,-0.9749279121818236,-0.2225209339563146,1,0,0,77.16037750603378,1.0756639125253056,2.259692000572429
2025-12-21,2025-12-21,1.4761,1.5993,geoportal_toledo,Toledo,0.0,False,OPEC,0.0,1.4742,1.5977,1.4659,1.5887,1.4869,1.5727,1.4773,1.5881,1.4507,1.5985,1.4732285714285713,1.5862571428571428,1.4626571428571429,1.5832285714285717,1.45634,1.5761600000000002,0.009121716630421765,0.011491715442421151,0.014741345011472834,0.013877953106186476,0.01463648252448765,0.017490442710431535,-0.002871428571428636,-0.013042857142857134,-0.01344285714285709,-0.016071428571428292,-0.01976,-0.023139999999999716,0.025399999999999867,0.0007999999999999119,54.687499572753886,53.70950848906314,0.12319999999999998,0.11302857142857141,0.013289182854953166,6,21,12,4,355,51,-2.4492935982947064e-16,1.0,-0.1712931441814778,0.9852201067560606,-0.7818314824680299,0.6234898018587334,1,0,0,73.04740154953139,1.0844991868908824,2.176564972765534
2025-12-22,2025-12-22,1.4523,1.595,geoportal_toledo,Toledo,0.0,False,OPEC,0.0,1.4761,1.5993,1.4742,1.5977,1.4659,1.5887,1.4742,1.5882,1.458,1.5691,1.4724142857142855,1.5899571428571428,1.4641428571428572,1.5847357142857141,1.45627,1.5766633333333333,0.010806545635466876,0.008931191996382563,0.012186355187145758,0.013932563248779594,0.014651095051458571,0.01781602307365227,0.02011428571428553,-0.005042857142857127,0.011842857142857266,-0.010264285714285837,0.003970000000000029,-0.018336666666666668,-0.005700000000000038,0.025900000000000034,55.93607261238295,55.71815675877817,0.14270000000000005,0.11754285714285714,0.017289867663158244,0,22,12,4,356,52,-2.4492935982947064e-16,1.0,-0.154308820664281,0.9880226656636976,0.0,1.0,0,0,0,72.8134843807481,1.0813846960457225,2.4124694374257927
2025-12-23,2025-12-23,1.446,1.5758,geoportal_toledo,Toledo,0.0,False,OPEC,0.0,1.4523,1.595,1.4761,1.5993,1.4742,1.5977,1.4869,1.5727,1.4773,1.5881,1.467942857142857,1.5882,1.4638428571428572,1.5862214285714287,1.4559066666666667,1.5765733333333334,0.01434443645260627,0.010439987228602813,0.012600654090820245,0.011395827750093965,0.014769608435341499,0.017813244459135177,0.021942857142857042,0.012399999999999967,0.01784285714285727,0.010421428571428581,0.00990666666666673,0.0007733333333332926,-0.031300000000000106,-0.012299999999999978,48.71007329119102,55.62770520628365,0.12980000000000014,0.12025714285714287,0.017544406244618043,1,23,12,4,357,52,-2.4492935982947064e-16,1.0,-0.13727877211326517,0.9905324521322227,0.7818314824680298,0.6234898018587336,0,0,0,74.22160750213422,1.0788267881176516,2.494883571801358
2025-12-24,2025-12-24,1.4537,1.5788,geoportal_toledo,Toledo,0.0,False,OPEC,0.0,1.446,1.5758,1.4523,1.595,1.4761,1.5993,1.4659,1.5887,1.4742,1.5882,1.4650142857142858,1.586857142857143,1.4631142857142856,1.5868428571428572,1.4557933333333333,1.57776,0.014934571589819144,0.011027973090112555,0.012888686580030697,0.010662711033940989,0.01477318011041259,0.01666192438279325,0.011314285714285832,0.008057142857142985,0.009414285714285597,0.00804285714285724,0.0020933333333332804,-0.0010399999999999299,-0.020499999999999963,-0.009400000000000075,46.747448562203914,52.518818335110886,0.1251,0.12184285714285714,0.017385516687064347,2,24,12,4,358,52,-2.4492935982947064e-16,1.0,-0.12020804489935275,0.9927487224577402,0.9749279121818236,-0.22252093395631434,0,0,0,74.86260942267414,1.0863268470974106,2.283159960040726
2025-12-25,2025-12-25,1.5027,1.5781,geoportal_toledo,Toledo,0.0,False,OPEC,0.0,1.4537,1.5788,1.446,1.5758,1.4523,1.595,1.4742,1.5977,1.4869,1.5727,1.4672714285714286,1.5876285714285712,1.4669071428571427,1.5861357142857142,1.45835,1.5790533333333334,0.01933827933449736,0.010014941218954004,0.016034888130656146,0.010905581291092425,0.016023318137573992,0.01499624627361254,-0.035428571428571365,0.009528571428571109,-0.03579285714285718,0.008035714285714146,-0.04434999999999989,0.0009533333333333616,0.015799999999999814,0.005400000000000071,63.864229298120485,46.81671983573371,0.07540000000000013,0.1203571428571429,0.021039396152841203,3,25,12,4,359,52,-2.4492935982947064e-16,1.0,-0.10310169744743544,0.9946708199115211,0.43388373911755823,-0.900968867902419,0,0,0,77.67665419274202,1.0833440507486298,2.4018644698447815
2025-12-26,2025-12-26,1.4983,1.5684,geoportal_toledo,Toledo,0.0,False,OPEC,0.0,1.5027,1.5781,1.4537,1.5788,1.446,1.5758,1.4761,1.5993,1.4659,1.5887,1.4719,1.5847285714285715,1.470142857142857,1.5856000000000001,1.46091,1.5796066666666666,0.022563761506746355,0.01232554451613007,0.017514948089943774,0.011608617488741845,0.016067880790677554,0.014243327132944709,-0.02639999999999998,0.01632857142857147,-0.02815714285714299,0.017200000000000104,-0.037390000000000034,0.011206666666666587,0.032399999999999984,-0.020299999999999985,61.76623331702477,47.5506200746514,0.07010000000000005,0.11282857142857147,0.028222314710509577,4,26,12,4,360,52,-2.4492935982947064e-16,1.0,-0.0859647987374467,0.9962981749346077,-0.433883739117558,-0.9009688679024191,0,0,0,71.65973828084152,1.0794089054626663,2.2503356179063423
2025-12-27,2025-12-27,1.4618,1.5935,geoportal_toledo,Toledo,0.0,False,OPEC,0.0,1.4983,1.5684,1.5027,1.5781,1.4537,1.5788,1.4523,1.595,1.4742,1.5977,1.4701285714285715,1.5841285714285716,1.4698642857142856,1.5851357142857143,1.4612633333333334,1.5804333333333331,0.02283817814433494,0.011673861726913873,0.017621735143014947,0.011107558559052521,0.015963200857258292,0.014308023631161324,0.008328571428571463,-0.009371428571428364,0.008064285714285635,-0.008364285714285602,-0.0005366666666666298,-0.013066666666666782,-0.012399999999999967,-0.0041999999999999815,49.09847402340331,47.89097944810266,0.13169999999999993,0.11400000000000003,0.028901095711639218,5,27,12,4,361,52,-2.4492935982947064e-16,1.0,-0.06880242680232064,0.9976303053065857,-0.9749279121818236,-0.2225209339563146,1,0,0,74.57692472440186,1.0738375480393123,2.237900695814041
2025-12-28,2025-12-28,1.4802,1.5925,geoportal_toledo,Toledo,0.0,False,OPEC,0.0,1.4618,1.5935,1.4983,1.5684,1.5027,1.5781,1.446,1.5758,1.4761,1.5993,1.4707142857142856,1.5831571428571427,1.4719714285714285,1.5847071428571429,1.46194,1.58059,0.023068263088164193,0.010416150463402865,0.016902955070339277,0.010658940940728895,0.01632946564575334,0.014416784997188452,-0.00948571428571432,-0.00934285714285732,-0.008228571428571474,-0.007792857142857157,-0.018259999999999943,-0.011910000000000087,0.0040999999999999925,-0.006799999999999917,56.71370013928453,48.04687456207275,0.11230000000000007,0.11244285714285719,0.028615022694548423,6,28,12,4,362,52,-2.4492935982947064e-16,1.0,-0.05161966722325418,0.9986668162884759,-0.7818314824680299,0.6234898018587334,1,0,1,73.20890685509251,1.0819654617316885,2.248041013499727
2025-12-29,2025-12-29,1.4659,1.5874,geoportal_toledo,Toledo,0.0,False,OPEC,0.0,1.4802,1.5925,1.4618,1.5935,1.4983,1.5684,1.4537,1.5788,1.4523,1.595,1.4726571428571429,1.5820714285714286,1.4725357142857143,1.5860142857142858,1.4620433333333334,1.5801433333333332,0.02179654843798711,0.009313737933062708,0.01652837220999412,0.009674379896073348,0.01634489656370261,0.01396968845043743,0.006757142857142906,-0.005328571428571349,0.0066357142857143,-0.0013857142857141014,-0.0038566666666666194,-0.007256666666666689,0.013600000000000056,-0.007600000000000051,51.74239050534033,57.07656550729164,0.12149999999999994,0.10941428571428576,0.025869056713341748,0,29,12,4,363,1,-2.4492935982947064e-16,1.0,-0.034421611622745804,0.9994074007397048,0.0,1.0,0,0,1,74.97282269940447,1.0855870796970668,2.3662141524422364
2025-12-30,2025-12-30,1.4604,1.5903,geoportal_toledo,Toledo,0.0,False,OPEC,0.0,1.4659,1.5874,1.4802,1.5925,1.4618,1.5935,1.5027,1.5781,1.446,1.5758,1.4747142857142859,1.5841428571428569,1.4713285714285715,1.5861714285714286,1.4621233333333334,1.5809266666666666,0.019410257474801493,0.009298899064382967,0.016769038712480724,0.009728580303682354,0.01633029094348374,0.013854065339703245,0.014314285714285946,-0.006157142857143194,0.01092857142857162,-0.004128571428571481,0.001723333333333521,-0.009373333333333456,0.014399999999999968,0.014499999999999957,46.031000167010774,50.97173081837082,0.12990000000000013,0.10942857142857146,0.02588221489013342,1,30,12,4,364,1,-2.4492935982947064e-16,1.0,-0.01721335615583528,0.9998518392091162,0.7818314824680298,0.6234898018587336,0,0,1,74.56324964408276,1.0803815429464092,2.3089451242844206
2025-12-31,2025-12-31,1.4694,1.5799,geoportal_toledo,Toledo,0.0,False,OPEC,0.0,1.4604,1.5903,1.4659,1.5874,1.4802,1.5925,1.4983,1.5684,1.4537,1.5788,1.4769571428571429,1.5843,1.4709857142857143,1.5855785714285715,1.46247,1.5819433333333335,0.017378037589905835,0.009202354771111141,0.016754877918563053,0.009847622014505928,0.016372035662192846,0.01251514071540632,0.007557142857142818,0.0043999999999999595,0.0015857142857143014,0.005678571428571422,-0.006930000000000103,0.002043333333333397,0.015700000000000047,0.001100000000000101,48.903107548151986,46.63967558465145,0.11050000000000004,0.10734285714285718,0.024981450261000734,2,31,12,4,365,1,-2.4492935982947064e-16,1.0,6.432490598706546e-16,1.0,0.9749279121818236,-0.22252093395631434,0,0,1,73.41026211403606,1.0815301535762814,2.2901352956799896
2026-01-01,2026-01-01,1.4728,1.5662,geoportal_toledo,Toledo,0.0,False,OPEC,0.0,1.4694,1.5799,1.4604,1.5903,1.4659,1.5874,1.4618,1.5935,1.5027,1.5781,1.4726857142857142,1.5826,1.4699785714285714,1.5851142857142857,1.4636933333333333,1.5815733333333335,0.01315832164720956,0.011380099589490605,0.016137065721806655,0.01062412763063449,0.0156906502652727,0.012817577729452603,-0.00011428571428595546,0.01639999999999997,-0.0028214285714287524,0.01891428571428566,-0.009106666666666818,0.015373333333333461,-0.029899999999999816,-0.011900000000000022,46.63484455709413,47.32949822299675,0.09339999999999993,0.10991428571428573,0.021879246526592892,3,1,1,1,1,1,0.49999999999999994,0.8660254037844387,0.017213356155834685,0.9998518392091162,0.43388373911755823,-0.900968867902419,0,1,0,77.16489794651578,1.0850954929988272,2.1737500375900725
2026-01-02,2026-01-02,1.5166,1.5966,geoportal_toledo,Toledo,0.0,False,OPEC,0.0,1.4728,1.5662,1.4694,1.5799,1.4604,1.5903,1.4802,1.5925,1.4983,1.5684,1.4753,1.5866285714285715,1.4735999999999998,1.5856785714285713,1.46567,1.5829233333333332,0.01942240973720798,0.010470548264176075,0.02030267129070654,0.011031226905149273,0.018364811742699744,0.012157945701398077,-0.04129999999999989,-0.00997142857142852,-0.04300000000000015,-0.010921428571428748,-0.05092999999999992,-0.013676666666666781,0.018299999999999983,0.028200000000000003,60.91261263332907,52.90227719277599,0.08000000000000007,0.11132857142857144,0.019008306454961026,4,2,1,1,2,1,0.49999999999999994,0.8660254037844387,0.03442161162274574,0.9994074007397048,-0.433883739117558,-0.9009688679024191,0,1,0,73.15638089736547,1.0836591229026808,2.13490821833058
2026-01-03,2026-01-03,1.492,1.5986,geoportal_toledo,Toledo,0.0,False,OPEC,0.0,1.5166,1.5966,1.4728,1.5662,1.4694,1.5799,1.4659,1.5874,1.4618,1.5935,1.4796142857142855,1.5873571428571427,1.4748714285714286,1.5857428571428571,1.4673,1.5840800000000002,0.019277485016760222,0.011181660154448627,0.020891935454451928,0.011109020193979836,0.018462338178964678,0.011934285584557416,-0.012385714285714444,-0.011242857142857332,-0.017128571428571382,-0.0128571428571429,-0.024699999999999944,-0.014519999999999866,0.030200000000000005,0.0051000000000001044,53.58004796857577,50.34856645632853,0.10660000000000003,0.10774285714285717,0.016759361278884985,5,3,1,1,3,1,0.49999999999999994,0.8660254037844387,0.051619667223253764,0.998666816288476,-0.9749279121818236,-0.2225209339563146,1,1,0,75.18683089416862,1.0831497939155013,2.2874686728651414
2026-01-04,2026-01-04,1.492,1.5683,geoportal_toledo,Toledo,0.0,False,OPEC,0.0,1.492,1.5986,1.5166,1.5966,1.4728,1.5662,1.4604,1.5903,1.4802,1.5925,1.4812999999999998,1.5839,1.4760071428571426,1.5835285714285714,1.4685599999999999,1.5831733333333333,0.019844814603987886,0.01293084168438874,0.021390093475745203,0.011286985600946393,0.018823803712503744,0.012069223708239195,-0.010700000000000154,0.015600000000000058,-0.015992857142857364,0.01522857142857137,-0.023440000000000127,0.014873333333333294,0.011800000000000033,-0.0242,53.222537192900084,40.17743944075784,0.07630000000000003,0.10260000000000002,0.02028135432690163,6,4,1,1,4,1,0.49999999999999994,0.8660254037844387,0.06880242680231986,0.9976303053065857,-0.7818314824680299,0.6234898018587334,1,0,0,79.04635167352752,1.084713692065348,2.336073660754663
2026-01-05,2026-01-05,1.4796,1.6067,geoportal_toledo,Toledo,0.0,False,OPEC,0.0,1.492,1.5683,1.492,1.5986,1.5166,1.5966,1.4694,1.5799,1.4659,1.5874,1.4832571428571428,1.586657142857143,1.4779571428571427,1.5843642857142857,1.46934,1.5842133333333335,0.0187163793812489,0.015586410442313209,0.02027809406480592,0.012562741441556379,0.01877874073116322,0.012712327260096704,0.0036571428571428033,-0.02004285714285703,-0.0016428571428572791,-0.022335714285714348,-0.010259999999999936,-0.022486666666666544,0.013700000000000045,0.019300000000000095,55.80110464036744,53.04846235399769,0.1271,0.10340000000000003,0.021238957915428236,0,5,1,1,5,2,0.49999999999999994,0.8660254037844387,0.08596479873744647,0.9962981749346078,0.0,1.0,0,0,0,73.22974314816376,1.0817710920023915,2.1616138935175857
2026-01-06,2026-01-06,1.4955,1.62,geoportal_toledo,Toledo,0.0,False,OPEC,0.0,1.4796,1.6067,1.492,1.5683,1.492,1.5986,1.4728,1.5662,1.4604,1.5903,1.4882714285714285,1.5909,1.4814928571428572,1.5875214285714285,1.470546666666667,1.5853766666666664,0.016089615106822417,0.020124943064103173,0.018516290718662835,0.015463862517364903,0.019268032008257524,0.014294674275535579,-0.007228571428571584,-0.029100000000000126,-0.014007142857142885,-0.03247857142857158,-0.02495333333333316,-0.03462333333333367,0.03510000000000013,0.02970000000000006,60.106165438347794,61.88171996433115,0.12450000000000006,0.10262857142857144,0.020188091728022373,1,6,1,1,6,2,0.49999999999999994,0.8660254037844387,0.10310169744743485,0.9946708199115211,0.7818314824680298,0.6234898018587336,0,0,0,73.19771113413047,1.0762241550545115,2.2029717460261855
2026-01-07,2026-01-07,1.4661,1.5969,geoportal_toledo,Toledo,0.0,False,OPEC,0.0,1.4955,1.62,1.4796,1.6067,1.492,1.5683,1.5166,1.5966,1.4694,1.5799,1.4878,1.5933285714285716,1.4823785714285713,1.5888142857142857,1.4717,1.5861433333333335,0.01676872088144992,0.019595043104973658,0.017344038149769994,0.015435217331344916,0.01783224510590893,0.014274686622160884,0.021700000000000053,-0.0035714285714283367,0.016278571428571365,-0.008085714285714252,0.005600000000000049,-0.010756666666666526,-0.0033000000000000806,0.016999999999999904,52.32558112057084,54.391071925533716,0.13080000000000003,0.10552857142857144,0.022796762510329818,2,7,1,1,7,2,0.49999999999999994,0.8660254037844387,0.1202080448993527,0.9927487224577402,0.9749279121818236,-0.22252093395631434,0,0,0,73.81457266957032,1.0824049864527143,2.2395821185574123
2026-01-08,2026-01-08,1.4684,1.603,geoportal_toledo,Toledo,0.0,False,OPEC,0.0,1.4661,1.5969,1.4955,1.62,1.4796,1.6067,1.492,1.5986,1.4728,1.5662,1.4871714285714286,1.5985857142857145,1.4799285714285713,1.5905928571428571,1.4723066666666669,1.5877433333333333,0.017491589815842635,0.015641337173384198,0.016661813945548134,0.015539897251697635,0.017379415754103886,0.013321843181298271,0.01877142857142866,-0.004414285714285482,0.011528571428571333,-0.012407142857142839,0.003906666666666947,-0.015256666666666696,-0.0044000000000001815,0.036799999999999944,42.20100018607822,55.88652445276057,0.13460000000000005,0.11141428571428576,0.024405288263777872,3,8,1,1,8,2,0.49999999999999994,0.8660254037844387,0.13727877211326478,0.9905324521322229,0.43388373911755823,-0.900968867902419,0,0,0,75.28812508679626,1.0762799760639832,2.3384075035653082
2026-01-09,2026-01-09,1.4839,1.6073,geoportal_toledo,Toledo,0.0,False,OPEC,0.0,1.4684,1.603,1.4661,1.5969,1.4955,1.62,1.492,1.5683,1.5166,1.5966,1.4825,1.6001142857142856,1.4789,1.5933714285714284,1.4729733333333332,1.5889833333333334,0.011744786077233513,0.015935016846706604,0.01586592866200119,0.014722741622368737,0.017429343733728956,0.013354221425640385,-0.0014000000000000679,-0.007185714285714351,-0.004999999999999893,-0.013928571428571512,-0.010926666666666751,-0.018316666666666537,-0.03269999999999995,0.010699999999999932,46.88311659897679,59.437166020320056,0.12339999999999995,0.11761428571428574,0.020254335220838405,4,9,1,1,9,2,0.49999999999999994,0.8660254037844387,0.15430882066428117,0.9880226656636976,-0.433883739117558,-0.9009688679024191,0,0,0,71.07485935801836,1.090244220027254,2.2756326206940125
2026-01-10,2026-01-10,1.504,1.5885,geoportal_toledo,Toledo,0.0,False,OPEC,0.0,1.4839,1.6073,1.4684,1.603,1.4661,1.5969,1.4796,1.6067,1.492,1.5986,1.484214285714286,1.5986714285714285,1.4819142857142857,1.5930142857142857,1.4747866666666667,1.589,0.014018253406591203,0.016540728952672414,0.016368020280782464,0.01477991657844667,0.017740830236244152,0.013353263839690616,-0.019785714285714073,0.010171428571428498,-0.022085714285714264,0.004514285714285693,-0.029213333333333313,0.0004999999999999449,0.01200000000000001,-0.010099999999999998,59.832245648811075,48.748748407165955,0.08450000000000002,0.11445714285714288,0.023688594804452272,5,10,1,1,10,2,0.49999999999999994,0.8660254037844387,0.1712931441814776,0.9852201067560606,-0.9749279121818236,-0.2225209339563146,1,0,0,75.6513463425435,1.085573738475133,2.379514129217205
2026-01-11,2026-01-11,1.4838,1.6303,geoportal_toledo,Toledo,0.0,False,OPEC,0.0,1.504,1.5885,1.4839,1.6073,1.4684,1.603,1.4955,1.62,1.492,1.5683,1.483042857142857,1.6075285714285716,1.4821714285714287,1.5957142857142856,1.4758133333333334,1.5908133333333334,0.013595447417285257,0.013966473461559449,0.016367295184249894,0.01781895521165787,0.017322831920534718,0.015093289975973569,-0.0007571428571429006,-0.022771428571428443,-0.0016285714285713127,-0.03458571428571444,-0.007986666666666586,-0.03948666666666667,-0.008199999999999985,0.062000000000000055,50.831792647114106,57.855361259361985,0.14650000000000007,0.12448571428571431,0.01929450945834324,6,11,1,1,11,2,0.49999999999999994,0.8660254037844387,0.1882267098432442,0.9821256058680006,-0.7818314824680299,0.6234898018587334,1,0,0,75.36298778653918,1.0794957705512926,2.433015636202364
2026-01-12,2026-01-12,1.4578,1.5765,geoportal_toledo,Toledo,0.0,False,OPEC,0.0,1.4838,1.6303,1.504,1.5885,1.4839,1.6073,1.4661,1.5969,1.4796,1.6067,1.4799285714285715,1.6032142857142857,1.4815928571428572,1.5949357142857143,1.47555,1.5900299999999998,0.016665704734144693,0.018267314030935823,0.017112904005939532,0.018437570636852262,0.017540549081170056,0.015209437859433676,0.022128571428571497,0.02671428571428569,0.02379285714285717,0.018435714285714333,0.017749999999999932,0.01352999999999982,-0.02180000000000004,-0.030200000000000005,48.22446265885907,48.11614217987351,0.11870000000000003,0.12328571428571432,0.01936590032087578,0,12,1,1,12,3,0.49999999999999994,0.8660254037844387,0.2051044998686192,0.9787400799669153,0.0,1.0,0,0,0,80.67703080054387,1.0800614464839622,2.2350705272339413
2026-01-13,2026-01-13,1.4852,1.6097,geoportal_toledo,Toledo,0.0,False,OPEC,0.0,1.4578,1.5765,1.4838,1.6303,1.504,1.5885,1.4684,1.603,1.4955,1.62,1.478457142857143,1.6017428571428574,1.4833642857142857,1.5963214285714287,1.4767000000000001,1.5904033333333334,0.015473833520155966,0.01706515525301735,0.01599762516716244,0.01878805588548072,0.016977043323263625,0.015557977958619606,-0.0067428571428571615,-0.007957142857142552,-0.0018357142857143849,-0.01337857142857124,-0.008499999999999952,-0.019296666666666518,-0.010299999999999976,-0.010300000000000198,54.95999969222403,53.03504357243721,0.12449999999999983,0.12328571428571429,0.019365900320875776,1,13,1,1,13,3,0.49999999999999994,0.8660254037844387,0.2219215130041655,0.9750645322571948,0.7818314824680298,0.6234898018587336,0,0,0,76.94139061712829,1.071334780928462,2.449243406882767
2026-01-14,2026-01-14,1.4928,1.5852,geoportal_toledo,Toledo,0.0,False,OPEC,0.0,1.4852,1.6097,1.4578,1.5765,1.4838,1.6303,1.4839,1.6073,1.4661,1.5969,1.4822714285714285,1.6000714285714288,1.4850357142857145,1.5967,1.47786,1.59094,0.015208628503331866,0.018156607088122025,0.015644935633904983,0.018482632180173764,0.016843633812214317,0.015067745867156595,-0.010528571428571443,0.014871428571428869,-0.007764285714285446,0.011500000000000066,-0.014939999999999953,0.005740000000000078,0.026699999999999946,-0.011700000000000044,54.70635528323047,50.79412624779207,0.09240000000000004,0.1178,0.02212479755086285,2,14,1,1,14,3,0.49999999999999994,0.8660254037844387,0.2386727660059501,0.9711000518829505,0.9749279121818236,-0.22252093395631434,0,0,0,76.13016846157346,1.0901828914755254,2.167276577224264
2026-01-15,2026-01-15,1.461,1.5809,geoportal_toledo,Toledo,0.0,False,OPEC,0.0,1.4928,1.5852,1.4852,1.6097,1.4578,1.5765,1.504,1.5885,1.4684,1.603,1.4812142857142858,1.5969142857142857,1.484192857142857,1.59775,1.4773166666666666,1.5907000000000002,0.016533040511999192,0.01943865809595639,0.016640981123337385,0.01697250038240298,0.01712290426810482,0.015171525052339553,0.02021428571428574,0.01601428571428576,0.023192857142857015,0.01685000000000003,0.016316666666666535,0.009800000000000253,-0.007399999999999851,-0.02210000000000001,47.87003585914061,52.26641975586497,0.1198999999999999,0.11569999999999998,0.0209298033117052,3,15,1,1,15,3,0.49999999999999994,0.8660254037844387,0.255353295116187,0.9668478136052775,0.43388373911755823,-0.900968867902419,0,0,0,77.11498661561549,1.0843702492911513,2.262624697552255
2026-01-16,2026-01-16,1.4989,1.6419,geoportal_toledo,Toledo,0.0,False,OPEC,0.0,1.461,1.5809,1.4928,1.5852,1.4852,1.6097,1.4838,1.6303,1.4839,1.6073,1.4833571428571428,1.601857142857143,1.4829285714285714,1.6009857142857145,1.47814,1.5924900000000002,0.01785813140120862,0.02585858059670429,0.014527662132393664,0.02065499966083038,0.017556226913783182,0.017805604503192518,-0.01554285714285708,-0.040042857142856825,-0.015971428571428525,-0.04091428571428546,-0.02075999999999989,-0.04940999999999973,0.014999999999999902,0.034599999999999964,46.73552170627173,56.382079236588005,0.14300000000000002,0.11849999999999998,0.023307581027067852,4,16,1,1,16,3,0.49999999999999994,0.8660254037844387,0.2719581575341055,0.9623090774541486,-0.433883739117558,-0.9009688679024191,0,0,0,75.90998272444153,1.0844525925300728,2.2461729219562203
2026-01-17,2026-01-17,1.5014,1.6095,geoportal_toledo,Toledo,0.0,False,OPEC,0.0,1.4989,1.6419,1.461,1.5809,1.4928,1.5852,1.4578,1.5765,1.504,1.5885,1.4829857142857144,1.6048571428571428,1.4835999999999998,1.6017642857142858,1.4786233333333336,1.5937166666666664,0.017377804672572186,0.025261951438403398,0.01518166910860249,0.02076330369232388,0.017999706574874444,0.017662254382864836,-0.018414285714285716,-0.004642857142857171,-0.01780000000000026,-0.007735714285714179,-0.022776666666666445,-0.015783333333333482,-0.0025999999999999357,0.020999999999999908,51.887549909066,51.414482034829284,0.10809999999999986,0.12187142857142853,0.01885052733884075,5,17,1,1,17,3,0.49999999999999994,0.8660254037844387,0.288482432880609,0.9574851883550393,-0.9749279121818236,-0.2225209339563146,1,0,0,72.27865021979984,1.0798022271908299,2.3366470260390355
2026-01-18,2026-01-18,1.4928,1.5796,geoportal_toledo,Toledo,0.0,False,OPEC,0.0,1.5014,1.6095,1.4989,1.6419,1.461,1.5809,1.4852,1.6097,1.4838,1.6303,1.4842714285714287,1.5976142857142859,1.4836571428571426,1.6025714285714285,1.47952,1.5934133333333333,0.01777645580402224,0.023987387558982356,0.015217182306940255,0.01954633267083648,0.01801404432945076,0.01782873955227793,-0.008528571428571219,0.018014285714285982,-0.009142857142857341,0.022971428571428643,-0.013279999999999959,0.013813333333333455,0.008999999999999897,-0.05070000000000019,50.15527923052254,51.46791355662488,0.08679999999999999,0.11334285714285709,0.019349147883292506,6,18,1,1,18,3,0.49999999999999994,0.8660254037844387,0.30492122465628907,0.9523775757303974,-0.7818314824680299,0.6234898018587334,1,0,0,75.05330876361866,1.0806360034009426,2.118746744448966
2026-01-19,2026-01-19,1.4948,1.6017,geoportal_toledo,Toledo,0.0,False,OPEC,0.0,1.4928,1.5796,1.5014,1.6095,1.4989,1.6419,1.4928,1.5852,1.4578,1.5765,1.4895571428571428,1.6012142857142855,1.4847428571428571,1.6022142857142858,1.4802066666666667,1.5935466666666664,0.013604883576967031,0.022107798667095332,0.015445971059730775,0.01951074091337642,0.018195962669538338,0.017876795464845618,-0.005242857142857105,-0.00048571428571442254,-0.010057142857142765,0.0005142857142859114,-0.014593333333333236,-0.008153333333333457,0.03699999999999992,0.02519999999999989,53.07443335637454,49.32175781592386,0.1069,0.1116571428571428,0.019318631520103133,0,19,1,1,19,4,0.49999999999999994,0.8660254037844387,0.3212696616923644,0.9469877530760753,0.0,1.0,0,0,0,73.91720300632187,1.0825196704246227,2.2132437457735814
2026-01-20,2026-01-20,1.5008,1.5797,geoportal_toledo,Toledo,0.0,False,OPEC,0.0,1.4948,1.6017,1.4928,1.5796,1.5014,1.6095,1.461,1.5809,1.4852,1.6097,1.4917857142857145,1.5969285714285715,1.4851214285714285,1.5993357142857143,1.48103,1.5928933333333333,0.014042842610077074,0.023075290845818348,0.015790999314187752,0.0196571618243557,0.018558930371971656,0.018016887352842854,-0.00901428571428542,0.01722857142857137,-0.01567857142857143,0.0196357142857142,-0.019769999999999843,0.013193333333333168,0.015599999999999836,-0.029999999999999805,51.11672957621816,44.659422044730476,0.07890000000000019,0.10514285714285714,0.021795630842201378,1,20,1,1,20,4,0.49999999999999994,0.8660254037844387,0.3375228995941133,0.9413173175128471,0.7818314824680298,0.6234898018587336,0,0,0,77.75105259084998,1.0765909082878435,2.360101245812555
2026-01-21,2026-01-21,1.4882,1.5903,geoportal_toledo,Toledo,0.0,False,OPEC,0.0,1.5008,1.5797,1.4948,1.6017,1.4928,1.5796,1.4989,1.6419,1.4928,1.5852,1.4911285714285714,1.5976571428571427,1.4867000000000001,1.5988642857142856,1.4822266666666666,1.5927366666666667,0.014095000802377283,0.022721051702688642,0.014817868631124062,0.019798702643696722,0.0177837766698653,0.01801837153140232,0.0029285714285713915,0.007357142857142618,-0.0014999999999998348,0.00856428571428558,-0.005973333333333386,0.0024366666666666426,-0.0045999999999999375,0.0051000000000001044,55.01133751920239,49.09539454842777,0.10210000000000008,0.10652857142857143,0.021149209148784834,2,21,1,1,21,4,0.49999999999999994,0.8660254037844387,0.3536761221763716,0.9353679493131483,0.9749279121818236,-0.22252093395631434,0,0,0,77.35739121589107,1.0832221403311462,2.1572224524359305
2026-01-22,2026-01-22,1.499,1.5975,geoportal_toledo,Toledo,0.0,False,OPEC,0.0,1.4882,1.5903,1.5008,1.5797,1.4948,1.6017,1.5014,1.6095,1.461,1.5809,1.4965571428571427,1.6000285714285714,1.4888857142857144,1.5984714285714285,1.4839933333333335,1.59346,0.004829719502844042,0.02151485643965833,0.014152784838375097,0.019764865041527312,0.01665777095932406,0.017748561865002836,-0.002442857142857413,0.0025285714285714356,-0.010114285714285742,0.000971428571428623,-0.015006666666666613,-0.0040399999999998215,0.038000000000000034,0.016599999999999948,56.68122236090086,49.24842834395243,0.09849999999999981,0.10347142857142856,0.020428633033540068,3,22,1,1,22,4,0.49999999999999994,0.8660254037844387,0.3697245428906731,0.9291414114031743,0.43388373911755823,-0.900968867902419,0,0,0,76.0750549458788,1.0804722010474717,2.2505185158332126
2026-01-23,2026-01-23,1.4858,1.6219,geoportal_toledo,Toledo,0.0,False,OPEC,0.0,1.499,1.5975,1.4882,1.5903,1.5008,1.5797,1.4928,1.5796,1.4989,1.6419,1.4946857142857144,1.5971714285714285,1.4890214285714285,1.5995142857142857,1.4850633333333334,1.5948966666666666,0.006132815713144619,0.015520600749297928,0.014110344190941433,0.02063264244021665,0.015644972384747324,0.01825804467631375,0.008885714285714386,-0.024728571428571433,0.0032214285714284863,-0.02238571428571423,-0.0007366666666666077,-0.027003333333333268,-0.01309999999999989,-0.020000000000000018,50.41905570980734,51.89119152163817,0.1360999999999999,0.10248571428571426,0.018254171082378878,4,23,1,1,23,4,0.49999999999999994,0.8660254037844387,0.38566340624360707,0.9226395488404876,-0.433883739117558,-0.9009688679024191,0,0,0,74.8007095110531,1.0696036233591784,2.301155904715323
2026-01-24,2026-01-24,1.4781,1.6014,geoportal_toledo,Toledo,0.0,False,OPEC,0.0,1.4858,1.6219,1.499,1.5975,1.4882,1.5903,1.4948,1.6017,1.5014,1.6095,1.491357142857143,1.5960142857142858,1.4871714285714286,1.6004357142857144,1.4842433333333331,1.5956733333333333,0.007938483722317195,0.01473006320097852,0.013686963397079262,0.020389537556259937,0.015330219948785069,0.018012829399860406,0.013257142857143078,-0.005385714285714105,0.00907142857142862,-0.0009642857142855288,0.0061433333333331674,-0.005726666666666658,-0.0233000000000001,-0.008099999999999996,43.957069241531045,51.66365728055423,0.12329999999999997,0.10465714285714285,0.01986620724940184,5,24,1,1,24,4,0.49999999999999994,0.8660254037844387,0.401487989205973,0.9158642882672872,-0.9749279121818236,-0.2225209339563146,1,0,0,78.85128840467907,1.0803215712147842,2.0734265827213623
2026-01-25,2026-01-25,1.519,1.6112,geoportal_toledo,Toledo,0.0,False,OPEC,0.0,1.4781,1.6014,1.4858,1.6219,1.499,1.5975,1.5008,1.5797,1.4928,1.5796,1.4951,1.6005285714285713,1.4896857142857143,1.5990714285714283,1.4849333333333332,1.5971000000000002,0.013178897273038266,0.013664883739685003,0.01604924427374268,0.018815845555168135,0.0164123656773301,0.01746482178551986,-0.02389999999999981,-0.010671428571428665,-0.029314285714285626,-0.01212857142857171,-0.03406666666666669,-0.01409999999999978,0.0262,0.03160000000000007,57.489361359637826,47.315153032777,0.09220000000000006,0.10542857142857143,0.01914912654976835,6,25,1,1,25,4,0.49999999999999994,0.8660254037844387,0.4171936026123168,0.9088176373395029,-0.7818314824680299,0.6234898018587334,1,0,0,79.06132663342218,1.0830322975056048,2.211181471090388
2026-01-26,2026-01-26,1.4788,1.6021,geoportal_toledo,Toledo,0.0,False,OPEC,0.0,1.519,1.6112,1.4781,1.6014,1.4858,1.6219,1.4882,1.5903,1.4948,1.6017,1.4928142857142856,1.6005857142857143,1.4911857142857143,1.6008999999999998,1.4854999999999998,1.5973866666666667,0.014555231427384768,0.013671433547296908,0.013640485956991329,0.017662128105940686,0.015870640862273855,0.017474271398816868,0.014014285714285757,-0.0015142857142858013,0.012385714285714444,-0.001200000000000312,0.006699999999999928,-0.004713333333333347,-0.016000000000000014,0.000400000000000178,54.213482841497274,54.11575538340176,0.12330000000000019,0.1077714285714286,0.020326232171401348,0,26,1,1,26,5,0.49999999999999994,0.8660254037844387,0.4327755925504312,0.901501684131884,0.0,1.0,0,0,0,78.49774608333998,1.083600410211858,2.343136586326504
2026-01-27,2026-01-27,1.4868,1.6045,geoportal_toledo,Toledo,0.0,False,OPEC,0.0,1.4788,1.6021,1.519,1.6112,1.4781,1.6014,1.499,1.5975,1.5008,1.5797,1.4908142857142856,1.6041285714285713,1.4913,1.6005285714285713,1.48572,1.5977866666666667,0.014233344485329756,0.010105232025331106,0.013593097796026053,0.017516911765550737,0.01584035440216453,0.01749588588750152,0.004014285714285748,-0.0003714285714286891,0.0045000000000001705,-0.003971428571428737,-0.0010799999999999699,-0.006713333333333349,-0.014000000000000012,0.024799999999999933,50.3481285009252,49.07209111812662,0.11770000000000014,0.11331428571428573,0.015962918339224873,1,27,1,1,27,5,0.49999999999999994,0.8660254037844387,0.4482293417404106,0.893918596519257,0.7818314824680298,0.6234898018587336,0,0,0,74.73625732694738,1.0846325549336797,2.2413729151779394
2026-01-28,2026-01-28,1.4751,1.6051,geoportal_toledo,Toledo,0.0,False,OPEC,0.0,1.4868,1.6045,1.4788,1.6021,1.519,1.6112,1.4858,1.6219,1.4882,1.5903,1.4889428571428573,1.6062428571428573,1.4900357142857141,1.60195,1.4860266666666666,1.5983766666666666,0.015444077305216328,0.008073796534236876,0.014250106997863918,0.01697644295441489,0.015529414433379135,0.017431870996446438,0.013842857142857268,0.0011428571428573342,0.014935714285714052,-0.003149999999999986,0.010926666666666529,-0.006723333333333414,-0.01309999999999989,0.014799999999999924,46.2163314890857,53.88216903848992,0.1299999999999999,0.11729999999999999,0.016177865537002508,2,28,1,1,28,5,0.49999999999999994,0.8660254037844387,0.4635502709028509,0.886070621534138,0.9749279121818236,-0.22252093395631434,0,0,1,78.15745645968397,1.0829517486708533,2.4241930410010077
2026-01-29,2026-01-29,1.4738,1.6047,geoportal_toledo,Toledo,0.0,False,OPEC,0.0,1.4751,1.6051,1.4868,1.6045,1.4788,1.6021,1.4781,1.6014,1.499,1.5975,1.485342857142857,1.6072714285714285,1.49095,1.60365,1.4864733333333333,1.5988566666666666,0.015644792226472772,0.007183943737190104,0.01255350089080356,0.015861406960579298,0.014948761529448972,0.01740003335972403,0.011542857142857077,0.002571428571428447,0.01715,-0.0010499999999999954,0.012673333333333314,-0.0058433333333334225,-0.02520000000000011,0.007200000000000095,53.146508975392734,54.71473820681209,0.13090000000000002,0.12192857142857146,0.01444468925311469,3,29,1,1,29,5,0.49999999999999994,0.8660254037844387,0.47873384011578846,0.8779600847008882,0.43388373911755823,-0.900968867902419,0,0,1,77.28020775035017,1.0852985886831403,2.4246054715607466
2026-01-30,2026-01-30,1.5035,1.6091,geoportal_toledo,Toledo,0.0,False,OPEC,0.0,1.4738,1.6047,1.4751,1.6051,1.4868,1.6045,1.519,1.6112,1.4858,1.6219,1.4878714285714287,1.605442857142857,1.4912785714285715,1.6013071428571428,1.4876099999999999,1.59983,0.01709422068865255,0.003549580793500574,0.012834639341757454,0.01163677620475062,0.014902148653221927,0.01711746738437498,-0.015628571428571325,-0.0036571428571430253,-0.012221428571428605,-0.007792857142857157,-0.015890000000000182,-0.00926999999999989,0.01770000000000005,-0.012799999999999923,51.1782783214673,41.62410593322905,0.10559999999999992,0.11757142857142859,0.01405224943863844,4,30,1,1,30,5,0.49999999999999994,0.8660254037844387,0.4937755501599772,0.869589389346611,-0.433883739117558,-0.9009688679024191,0,0,1,77.60317857982538,1.0844098100822945,2.2594029957776325
2026-01-31,2026-01-31,1.4985,1.6299,geoportal_toledo,Toledo,0.0,False,OPEC,0.0,1.5035,1.6091,1.4738,1.6047,1.4751,1.6051,1.4788,1.6021,1.4781,1.6014,1.4907857142857142,1.6095142857142857,1.4910714285714286,1.6027642857142854,1.4884666666666666,1.6019533333333333,0.01688840120431969,0.009498847047834961,0.012681205267362727,0.013814964413929097,0.014759434932957137,0.01674884933429628,-0.007714285714285785,-0.02038571428571423,-0.00742857142857134,-0.027135714285714485,-0.010033333333333339,-0.027946666666666564,0.020399999999999974,0.02849999999999997,49.26656515440973,55.537458861278836,0.13139999999999996,0.11872857142857145,0.01490991999595284,5,31,1,1,31,5,0.49999999999999994,0.8660254037844387,0.5086709438521044,0.8609610158889943,-0.9749279121818236,-0.2225209339563146,1,0,1,74.5746377078519,1.0698526856685218,2.2471265657785655
2026-02-01,2026-02-01,1.5008,1.6042,geoportal_toledo,Toledo,0.0,False,OPEC,0.0,1.4985,1.6299,1.5035,1.6091,1.4738,1.6047,1.4868,1.6045,1.519,1.6112,1.4881857142857142,1.6085142857142856,1.4916428571428573,1.6045214285714287,1.4879400000000003,1.6022066666666668,0.0127032054447452,0.009658921363425037,0.012942637603359253,0.012100043138597664,0.013982368207482616,0.01672254174157801,-0.012614285714285689,0.004314285714285493,-0.009157142857142642,0.0003214285714285836,-0.01285999999999965,-0.0019933333333332914,-0.018199999999999994,-0.006999999999999895,52.08986377781709,56.833332891296386,0.10340000000000016,0.12032857142857147,0.011882159495887697,6,1,2,1,32,5,0.8660254037844386,0.5000000000000001,0.5234156073655503,0.8520775211013093,-0.7818314824680299,0.6234898018587334,1,1,0,75.77463259282729,1.0828318648375521,2.341577668500873
2026-02-02,2026-02-02,1.4919,1.5899,geoportal_toledo,Toledo,0.0,False,OPEC,0.0,1.5008,1.6042,1.4985,1.6299,1.5035,1.6091,1.4751,1.6051,1.4788,1.6021,1.4900571428571427,1.6067714285714285,1.4914357142857142,1.6036785714285713,1.4879366666666667,1.6019166666666667,0.012037560265387227,0.01185927404829006,0.012911390745734245,0.012707428389080877,0.013981378831251013,0.016862099581571064,-0.001842857142857257,0.016871428571428426,-0.0004642857142858059,0.013778571428571196,-0.003963333333333319,0.012016666666666564,0.013100000000000112,-0.012199999999999989,49.2687843218543,46.57375107315189,0.09800000000000009,0.11671428571428574,0.014407223717222343,0,2,2,1,33,6,0.8660254037844386,0.5000000000000001,0.5380051715382996,0.8429415373547828,0.0,1.0,0,1,0,78.83605119361269,1.0881944579308789,2.344329581992031
2026-02-03,2026-02-03,1.5213,1.6142,geoportal_toledo,Toledo,0.0,False,OPEC,0.0,1.4919,1.5899,1.5008,1.6042,1.4985,1.6299,1.4738,1.6047,1.4868,1.6045,1.4949857142857144,1.6081571428571428,1.4929000000000001,1.606142857142857,1.4889133333333333,1.6034466666666667,0.01665777381799234,0.012113609033215084,0.015041787946098891,0.01091905281082526,0.015241588597927416,0.015752563739524557,-0.026314285714285734,-0.006042857142857239,-0.02839999999999998,-0.008057142857142985,-0.032386666666666786,-0.010753333333333392,0.0345000000000002,0.009700000000000042,54.62336456259494,59.88538633902846,0.09289999999999998,0.11317142857142858,0.01694940650737893,1,3,2,1,34,6,0.8660254037844386,0.5000000000000001,0.5524353131676196,0.8335557718385699,0.7818314824680298,0.6234898018587336,0,1,0,76.30118521709622,1.0821266273080943,2.2041647434056726
2026-02-04,2026-02-04,1.5129,1.5748,geoportal_toledo,Toledo,0.0,False,OPEC,0.0,1.5213,1.6142,1.4919,1.5899,1.5008,1.6042,1.5035,1.6091,1.4751,1.6051,1.5003857142857142,1.6038285714285716,1.4946642857142858,1.6050357142857143,1.4900233333333333,1.6023833333333333,0.015200046992406957,0.017571920240896984,0.015873665038618597,0.013197179602113068,0.015744220249486244,0.016580297475250083,-0.0125142857142857,0.029028571428571626,-0.018235714285714133,0.030235714285714366,-0.022876666666666656,0.027583333333333293,0.037799999999999834,-0.030299999999999994,55.67816056115205,46.18789933761405,0.061900000000000066,0.10344285714285717,0.0238283344740987,2,4,2,1,35,6,0.8660254037844386,0.5000000000000001,0.5667017562911176,0.8239230057575542,0.9749279121818236,-0.22252093395631434,0,0,0,80.14501666678511,1.0718627012412347,2.0728479039330288
2026-02-05,2026-02-05,1.5151,1.6092,geoportal_toledo,Toledo,0.0,False,OPEC,0.0,1.5129,1.5748,1.5213,1.6142,1.4919,1.5899,1.4985,1.6299,1.4738,1.6047,1.5062857142857144,1.6044714285714288,1.4958142857142858,1.6058714285714284,1.4906766666666664,1.6020233333333336,0.010426637133069403,0.017691025435300392,0.016769838178333524,0.013052935335739563,0.01637341586616554,0.016299474993306976,-0.008814285714285441,-0.004728571428571193,-0.01928571428571413,-0.0033285714285715695,-0.024423333333333463,-0.007176666666666387,0.04129999999999989,0.0044999999999999485,53.85351806895673,52.53796063534429,0.09410000000000007,0.09818571428571432,0.020602057225062694,3,5,2,1,36,6,0.8660254037844386,0.5000000000000001,0.5808002734538009,0.8140460935082178,0.43388373911755823,-0.900968867902419,0,0,0,72.95372113896772,1.0712320458329867,2.2857578595938746
2026-02-06,2026-02-06,1.4753,1.6011,geoportal_toledo,Toledo,0.0,False,OPEC,0.0,1.5151,1.6092,1.5129,1.5748,1.5213,1.6142,1.5008,1.6042,1.5035,1.6091,1.502257142857143,1.6033285714285714,1.4950642857142855,1.6043857142857143,1.4909833333333333,1.6021633333333332,0.015764079119191744,0.01760035172808898,0.017472246438406697,0.012247062890768181,0.0159786297658894,0.016271966232064256,0.0269571428571429,0.0022285714285714686,0.019764285714285457,0.003285714285714336,0.01568333333333327,0.001063333333333194,-0.028200000000000003,-0.008000000000000007,47.77070035295551,45.144724261425715,0.1257999999999999,0.1010714285714286,0.02307940743647989,4,6,2,1,37,6,0.8660254037844386,0.5000000000000001,0.5947266869607634,0.8039279618328213,-0.433883739117558,-0.9009688679024191,0,0,0,75.45501722851125,1.0755610678475975,2.443355360566604
2026-02-07,2026-02-07,1.5147,1.6401,geoportal_toledo,Toledo,0.0,False,OPEC,0.0,1.4753,1.6011,1.5151,1.6092,1.5129,1.5748,1.4919,1.5899,1.4985,1.6299,1.5045714285714287,1.6047857142857143,1.4976785714285714,1.60715,1.4925266666666666,1.6034000000000002,0.016300584272319497,0.020371011149134435,0.01747684967965605,0.015465830824006741,0.015958133443121407,0.01768609428433677,-0.010128571428571265,-0.03531428571428563,-0.01702142857142852,-0.03294999999999981,-0.022173333333333378,-0.03669999999999973,0.016199999999999992,0.010199999999999987,56.84880209734909,58.31542723832576,0.12539999999999996,0.10021428571428574,0.021843643512581813,5,7,2,1,38,6,0.8660254037844386,0.5000000000000001,0.6084768701151261,0.7935716089521474,-0.9749279121818236,-0.2225209339563146,1,0,0,79.84412254876025,1.0839544232393972,2.2098785533823833
2026-02-08,2026-02-08,1.4798,1.6244,geoportal_toledo,Toledo,0.0,False,OPEC,0.0,1.5147,1.6401,1.4753,1.6011,1.5151,1.6092,1.5213,1.6142,1.5008,1.6042,1.5015714285714286,1.6076714285714286,1.4948785714285715,1.6080928571428572,1.4923899999999999,1.6039700000000001,0.01884433728256305,0.021663926566663327,0.016929727089964573,0.016120243569720794,0.016051841660370915,0.01808712916355929,0.021771428571428553,-0.016728571428571426,0.015078571428571497,-0.016307142857142853,0.012589999999999879,-0.020429999999999948,-0.020999999999999908,0.020199999999999996,42.496171288305376,52.766135482512226,0.14460000000000006,0.10610000000000001,0.027629452883954537,6,8,2,1,39,6,0.8660254037844386,0.5000000000000001,0.6220467484408675,0.7829801036770628,-0.7818314824680299,0.6234898018587334,1,0,0,76.17708230058973,1.079417177004839,2.4380383558151033
2026-02-09,2026-02-09,1.4849,1.6304,geoportal_toledo,Toledo,0.0,False,OPEC,0.0,1.4798,1.6244,1.5147,1.6401,1.4753,1.6011,1.5129,1.5748,1.4919,1.5899,1.5005714285714287,1.613457142857143,1.4953142857142858,1.6101142857142858,1.4917533333333333,1.6053666666666664,0.019613151564337235,0.021534457437858284,0.01655851429339045,0.017058039257094315,0.015953958179999082,0.01846514579404582,0.01567142857142856,-0.01694285714285715,0.01041428571428571,-0.02028571428571424,0.006853333333333156,-0.025033333333333685,-0.006999999999999895,0.04049999999999998,51.34896031893616,56.008492236042954,0.14549999999999996,0.11288571428571428,0.030942819768697435,0,9,2,1,40,7,0.8660254037844386,0.5000000000000001,0.6354323008901774,0.7721565844991642,0.0,1.0,0,0,0,76.01028105009637,1.0872494338705307,2.375129828480791
2026-02-10,2026-02-10,1.521,1.5962,geoportal_toledo,Toledo,0.0,False,OPEC,0.0,1.4849,1.6304,1.4798,1.6244,1.5147,1.6401,1.5151,1.6092,1.5213,1.6142,1.5005285714285714,1.6108857142857145,1.497757142857143,1.6095214285714285,1.4929933333333334,1.60423,0.019560565285432405,0.02248469320607907,0.01768988038772128,0.01740880319181354,0.01674073976310651,0.017918862148295626,-0.020471428571428474,0.014685714285714413,-0.0232428571428569,0.013321428571428484,-0.028006666666666513,0.008029999999999982,-0.000300000000000189,-0.018000000000000016,56.726986312282534,48.447437082579825,0.07520000000000016,0.11035714285714289,0.033468336137452655,1,10,2,1,41,7,0.8660254037844386,0.5000000000000001,0.6486295610349814,0.7611042586607747,0.7818314824680298,0.6234898018587336,0,0,0,78.84136320870968,1.0774090757443169,2.430489879221976
2026-02-11,2026-02-11,1.5182,1.645,geoportal_toledo,Toledo,0.0,False,OPEC,0.0,1.521,1.5962,1.4849,1.6304,1.4798,1.6244,1.4753,1.6011,1.5129,1.5748,1.5012857142857143,1.6209142857142855,1.500835714285714,1.6123714285714286,1.4950066666666666,1.6065133333333335,0.02021100595974158,0.0191091974863287,0.017186739393760128,0.01973931760068016,0.015976835242555974,0.018614338806290338,-0.01691428571428566,-0.024085714285714488,-0.017364285714285943,-0.03262857142857145,-0.0231933333333334,-0.03848666666666656,0.005300000000000082,0.07020000000000004,58.785160691809104,56.32329610506305,0.12680000000000002,0.11962857142857145,0.02595295193779913,2,11,2,1,42,7,0.8660254037844386,0.5000000000000001,0.6616346182422783,0.7498264012045686,0.9749279121818236,-0.22252093395631434,0,0,0,79.61923557350671,1.0807011566911697,2.2949415512306635
2026-02-12,2026-02-12,1.5113,1.5847,geoportal_toledo,Toledo,0.0,False,OPEC,0.0,1.5182,1.645,1.521,1.5962,1.4849,1.6304,1.5147,1.6401,1.5151,1.6092,1.5007428571428572,1.6174142857142857,1.5035142857142856,1.6109428571428572,1.4958766666666667,1.60568,0.019825476635114567,0.023379009714660157,0.0154872581445257,0.021019431094022253,0.016134257478042747,0.01902190026404138,-0.010557142857142932,0.032714285714285696,-0.007785714285714507,0.026242857142857234,-0.015423333333333344,0.02098,-0.0037999999999998035,-0.024499999999999966,57.473096530640376,47.33617457040319,0.07339999999999991,0.11667142857142856,0.03018138025812791,3,12,2,1,43,7,0.8660254037844386,0.5000000000000001,0.6744436188329455,0.7383263540031065,0.43388373911755823,-0.900968867902419,0,0,0,76.78560763588122,1.0872699221632296,1.946714251798056
2026-02-13,2026-02-13,1.518,1.6494,geoportal_toledo,Toledo,0.0,False,OPEC,0.0,1.5113,1.5847,1.5182,1.645,1.521,1.5962,1.4798,1.6244,1.4753,1.6011,1.506842857142857,1.6243142857142858,1.50455,1.6138214285714287,1.4967166666666667,1.60782,0.017069940162249962,0.024843270622810148,0.015963744981869556,0.023375140594273563,0.016617317168695408,0.02021246457357175,-0.011157142857143088,-0.025085714285714156,-0.013449999999999962,-0.03557857142857124,-0.02128333333333332,-0.04157999999999995,0.04269999999999996,0.04830000000000001,53.18121950656556,54.62474161929163,0.13139999999999996,0.11747142857142857,0.03053581035908026,4,13,2,1,44,7,0.8660254037844386,0.5000000000000001,0.6870527672236669,0.7266075247685656,-0.433883739117558,-0.9009688679024191,0,0,0,79.95798744958216,1.0767767417451262,2.3036444842818855
2026-02-14,2026-02-14,1.5127,1.6302,geoportal_toledo,Toledo,0.0,False,OPEC,0.0,1.518,1.6494,1.5113,1.5847,1.5182,1.645,1.4849,1.6304,1.5147,1.6401,1.5065571428571427,1.6229,1.5055642857142857,1.6138428571428574,1.49844,1.6094633333333335,0.0169326959010114,0.02406442741198618,0.016000846474861836,0.023391146066098868,0.015423461751946418,0.019950740774999406,-0.006142857142857228,-0.007300000000000084,-0.007135714285714245,-0.016357142857142737,-0.01425999999999994,-0.020736666666666626,-0.0020000000000000018,-0.009899999999999798,53.11130554620584,50.03455408880818,0.11750000000000016,0.11634285714285718,0.030339295594045294,5,14,2,1,45,7,0.8660254037844386,0.5000000000000001,0.6994583270516471,0.7146733860429609,-0.9749279121818236,-0.2225209339563146,1,0,0,76.98973285309216,1.080699347490863,2.4069022942062768
2026-02-15,2026-02-15,1.5153,1.6261,geoportal_toledo,Toledo,0.0,False,OPEC,0.0,1.5127,1.6302,1.518,1.6494,1.5113,1.5847,1.521,1.5962,1.4798,1.6244,1.5116285714285715,1.6231428571428574,1.5066000000000002,1.6154071428571428,1.4989866666666667,1.6089366666666665,0.012252579903254695,0.02409065220805799,0.016137438553777136,0.023428925720984616,0.015727961775422655,0.01926158376653807,-0.0036714285714285477,-0.0029571428571426583,-0.00869999999999993,-0.010692857142857282,-0.016313333333333402,-0.01716333333333364,0.03550000000000009,0.0017000000000000348,53.17286619500218,52.65454527583912,0.11080000000000001,0.11151428571428575,0.02766432290703606,6,15,2,1,46,7,0.8660254037844386,0.5000000000000001,0.7116566222817746,0.7025274741691571,-0.7818314824680299,0.6234898018587334,1,0,0,79.6784651164309,1.0748142931067617,2.258257259187633
2026-02-16,2026-02-16,1.5154,1.6101,geoportal_toledo,Toledo,0.0,False,OPEC,0.0,1.5153,1.6261,1.5127,1.6302,1.518,1.6494,1.5182,1.645,1.4849,1.6304,1.515985714285714,1.620242857142857,1.5082785714285714,1.61685,1.499453333333333,1.6089566666666668,0.0033582875454630694,0.02429244444560776,0.015707233932243013,0.02233365001688648,0.016007255538817954,0.01926250034497574,0.0005857142857139674,0.010142857142857009,-0.007121428571428723,0.006749999999999812,-0.015946666666666998,-0.001143333333333274,0.03049999999999997,-0.020299999999999985,55.34820174106747,52.43843536114483,0.0947,0.1042571428571429,0.023632312423378904,0,16,2,1,47,8,0.8660254037844386,0.5000000000000001,0.7236440382959124,0.6901733882429719,0.0,1.0,0,0,0,73.77784418123576,1.0762768586015663,2.0681928660660103
2026-02-17,2026-02-17,1.4775,1.6442,geoportal_toledo,Toledo,0.0,False,OPEC,0.0,1.5154,1.6101,1.5153,1.6261,1.5127,1.6302,1.5113,1.5847,1.521,1.5962,1.5097714285714285,1.6271,1.50515,1.6189928571428571,1.4989433333333333,1.61111,0.014453109732936852,0.023120986138140613,0.017204773487879486,0.023470127143492683,0.016463767602773117,0.019477172314770606,0.032271428571428507,-0.017100000000000115,0.027649999999999952,-0.025207142857142983,0.02144333333333326,-0.033090000000000064,-0.04349999999999987,0.04800000000000004,40.40315487920937,53.537735672281066,0.16670000000000007,0.11732857142857145,0.029466575091432825,1,17,2,1,48,8,0.8660254037844386,0.5000000000000001,0.7354170229639855,0.6776147890466889,0.7818314824680298,0.6234898018587336,0,0,0,80.1257622498695,1.0807078888750954,2.2779020972013497
2026-02-18,2026-02-18,1.5045,1.6087,geoportal_toledo,Toledo,0.0,False,OPEC,0.0,1.4775,1.6442,1.5154,1.6101,1.5153,1.6261,1.518,1.6494,1.5182,1.645,1.5078142857142858,1.6219142857142859,1.5045499999999998,1.6214142857142857,1.4992666666666667,1.6113433333333333,0.014043317339742062,0.02249958729780424,0.01705956758402324,0.02006117019145158,0.016474836262768078,0.019402340479743922,0.003314285714285825,0.013214285714285845,4.999999999988347e-05,0.012714285714285678,-0.005233333333333201,0.002643333333333331,-0.013700000000000045,-0.0363,48.29821690592584,54.03475345001512,0.10420000000000007,0.11410000000000002,0.029493954182736076,2,18,2,1,49,8,0.8660254037844386,0.5000000000000001,0.7469720876965552,0.6648553979642865,0.9749279121818236,-0.22252093395631434,0,0,0,81.05045059380826,1.0759394534463784,2.3023257301460553
2026-02-19,2026-02-19,1.4892,1.6038,geoportal_toledo,Toledo,0.0,False,OPEC,0.0,1.5045,1.6087,1.4775,1.6442,1.5154,1.6101,1.5127,1.6302,1.5113,1.5847,1.504657142857143,1.6246428571428573,1.5027000000000001,1.6210285714285715,1.49888,1.6121466666666668,0.015534140588055401,0.017928083848428384,0.017230964971416015,0.020363709370851298,0.01657343949069368,0.018526136864613497,0.015457142857142836,0.020842857142857385,0.013500000000000068,0.017228571428571593,0.009679999999999911,0.008346666666666946,-0.02210000000000001,0.019099999999999895,45.01731410917955,49.30875558363476,0.11459999999999981,0.11998571428571429,0.023525265040761932,3,19,2,1,50,8,0.8660254037844386,0.5000000000000001,0.7583058084785624,0.6518989958787126,0.43388373911755823,-0.900968867902419,0,0,0,77.18539281562606,1.0887478860575197,2.0231337463957146
2026-02-20,2026-02-20,1.5054,1.6331,geoportal_toledo,Toledo,0.0,False,OPEC,0.0,1.4892,1.6038,1.5045,1.6087,1.4775,1.6442,1.5153,1.6261,1.518,1.6494,1.5028571428571431,1.6223142857142858,1.50485,1.6233142857142855,1.499453333333333,1.6135733333333335,0.014420455048627106,0.014995269095224074,0.015321164346194032,0.019741165780506886,0.016488527533707963,0.018433495249853965,-0.002542857142856958,-0.010785714285714176,-0.0005500000000000504,-0.009785714285714509,-0.005946666666666989,-0.01952666666666647,-0.012599999999999945,-0.01629999999999998,56.36902209514758,53.88538106984087,0.12769999999999992,0.11945714285714286,0.023266202751549097,4,20,2,1,51,8,0.8660254037844386,0.5000000000000001,0.7694148268839378,0.6387494220515272,-0.433883739117558,-0.9009688679024191,0,0,0,76.42888824270119,1.0779396405496846,2.2694029618777947
2026-02-21,2026-02-21,1.5084,1.6375,geoportal_toledo,Toledo,0.0,False,OPEC,0.0,1.5054,1.6331,1.4892,1.6038,1.5045,1.6087,1.5154,1.6101,1.5127,1.6302,1.5022428571428572,1.623357142857143,1.5044,1.6231285714285713,1.4997666666666665,1.6149066666666665,0.014017234290073418,0.01586378024966342,0.015100534886094752,0.019582701493972385,0.016568735271761316,0.01867583600738297,-0.00615714285714275,-0.014142857142857013,-0.0040000000000000036,-0.014371428571428702,-0.008633333333333493,-0.022593333333333465,-0.0042999999999999705,0.007299999999999862,48.424211766913984,49.655355064905905,0.1291,0.1211142857142857,0.023515344534397725,5,21,2,1,52,8,0.8660254037844386,0.5000000000000001,0.7802958510707755,0.6254105729852463,-0.9749279121818236,-0.2225209339563146,1,0,0,78.64265360525602,1.075256171879307,2.2031669692455225
2026-02-22,2026-02-22,1.5127,1.6364,geoportal_toledo,Toledo,0.0,False,OPEC,0.0,1.5084,1.6375,1.5054,1.6331,1.4892,1.6038,1.4775,1.6442,1.5153,1.6261,1.5018714285714287,1.6248285714285715,1.50675,1.6239857142857144,1.5006633333333332,1.61539,0.01364303415492076,0.01662024009912221,0.013447204456403405,0.019902642157135626,0.016514622221728142,0.019047008091596134,-0.010828571428571188,-0.011571428571428566,-0.0059499999999999,-0.012414285714285711,-0.012036666666666695,-0.021009999999999973,-0.0026000000000001577,0.010299999999999976,59.716479128156706,51.65471574099117,0.12370000000000014,0.12295714285714286,0.023073639876336323,6,22,2,1,53,8,0.8660254037844386,0.5000000000000001,0.7909456567567772,0.6118864012687243,-0.7818314824680299,0.6234898018587334,1,0,0,79.53359163191192,1.0761802567128715,2.3730384143165453
2026-02-23,2026-02-23,1.4936,1.5783,geoportal_toledo,Toledo,0.0,False,OPEC,0.0,1.5127,1.6364,1.5084,1.6375,1.5054,1.6331,1.5045,1.6087,1.5154,1.6101,1.498757142857143,1.6202857142857143,1.5073714285714286,1.6202642857142855,1.5011800000000002,1.61462,0.01247862935086027,0.02401703760329696,0.012529499257686209,0.023207512283169557,0.016019414944759183,0.020071448240789918,0.00515714285714286,0.04198571428571429,0.013771428571428546,0.041964285714285454,0.007580000000000142,0.03631999999999991,-0.02180000000000004,-0.03180000000000005,52.37315835612426,43.71835046731205,0.0847,0.12152857142857143,0.025315391516211008,0,23,2,1,54,9,0.8660254037844386,0.5000000000000001,0.8013610881746766,0.5981809144059164,0.0,1.0,0,0,0,75.55506067745398,1.0850013229403885,2.2554298585094488
2026-02-24,2026-02-24,1.4681,1.6201,geoportal_toledo,Toledo,0.0,False,OPEC,0.0,1.4936,1.5783,1.5127,1.6364,1.5084,1.6375,1.4892,1.6038,1.4775,1.6442,1.4974142857142856,1.616842857142857,1.5035928571428572,1.6219714285714286,1.4994833333333335,1.6149166666666666,0.015327907942857936,0.021625899375739367,0.01568308566016862,0.02215641697537414,0.016745973954300827,0.02008492458044711,0.029314285714285626,-0.0032571428571430694,0.035492857142857215,0.001871428571428524,0.03138333333333354,-0.00518333333333354,-0.009400000000000075,-0.02410000000000001,34.684423575227584,52.829741714511876,0.15200000000000014,0.11942857142857144,0.0212226069939357,1,24,2,1,55,9,0.8660254037844386,0.5000000000000001,0.811539059007361,0.5842981736283684,0.7818314824680298,0.6234898018587336,0,0,0,78.77805096052025,1.0836865827146966,2.1828585138067482
2026-02-25,2026-02-25,1.5045,1.6178,geoportal_toledo,Toledo,0.0,False,OPEC,0.0,1.4681,1.6201,1.4936,1.5783,1.5127,1.6364,1.5054,1.6331,1.5045,1.6087,1.4974142857142856,1.618142857142857,1.5026142857142857,1.6200285714285714,1.5003400000000002,1.61544,0.015327907942857936,0.021326263709557893,0.015118804243664678,0.02115152035165919,0.016302900101641375,0.019943499502688644,-0.007085714285714362,0.00034285714285720026,-0.0018857142857142684,0.0022285714285714686,-0.0041599999999997195,-0.0023599999999999177,0.0,0.009099999999999886,46.67959250920294,46.381053579208405,0.11329999999999996,0.12072857142857142,0.020396953554041242,2,25,2,1,56,9,0.8660254037844386,0.5000000000000001,0.8214765533024142,0.5702422926917871,0.9749279121818236,-0.22252093395631434,0,0,0,76.85324385656472,1.085193160664402,2.1444748770638946
2026-02-26,2026-02-26,1.4966,1.6346,geoportal_toledo,Toledo,0.0,False,OPEC,0.0,1.5045,1.6178,1.4681,1.6201,1.4936,1.5783,1.5084,1.6375,1.4892,1.6038,1.4984714285714287,1.6225428571428573,1.5015642857142857,1.623592857142857,1.5006666666666668,1.6164433333333332,0.014916625432237584,0.02104937506141875,0.014978990781597304,0.018815683486250914,0.016119389338422174,0.020130414171412158,0.001871428571428746,-0.012057142857142766,0.004964285714285754,-0.011007142857142993,0.004066666666666885,-0.01815666666666682,0.007399999999999851,0.03080000000000016,46.45441357917903,57.5082754122432,0.13800000000000012,0.12407142857142861,0.02112949867568362,3,26,2,1,57,9,0.8660254037844386,0.5000000000000001,0.8311706263658079,0.5560174366570446,0.43388373911755823,-0.900968867902419,0,0,0,75.7327973501406,1.079216264038352,2.2711375160972778
2026-02-27,2026-02-27,1.5093,1.6218,geoportal_toledo,Toledo,0.0,False,OPEC,0.0,1.4966,1.6346,1.5045,1.6178,1.4681,1.6201,1.5127,1.6364,1.5054,1.6331,1.4990285714285714,1.6209285714285713,1.500942857142857,1.6216214285714285,1.5018066666666667,1.6170000000000002,0.015286782339186867,0.020531740816415598,0.014414507344270728,0.017287575733026028,0.015444113560775238,0.02003660443391859,-0.010271428571428709,-0.0008714285714286341,-0.008357142857143174,-0.00017857142857136132,-0.007493333333333352,-0.004799999999999693,0.0039000000000000146,-0.011300000000000088,47.96061853190407,45.07845911872381,0.11249999999999982,0.12190000000000002,0.021472695840687284,4,27,2,1,58,9,0.8660254037844386,0.5000000000000001,0.8406184056344782,0.5416278206559814,-0.433883739117558,-0.9009688679024191,0,0,0,78.10130345363379,1.0807103189945066,2.170995884755096
2026-02-28,2026-02-28,1.5247,1.6467,geoportal_toledo,Toledo,0.0,False,OPEC,0.0,1.5093,1.6218,1.4966,1.6346,1.5045,1.6178,1.4936,1.5783,1.5084,1.6375,1.5013571428571428,1.6222428571428573,1.5018,1.6228,1.5035033333333334,1.6184,0.017959942199502685,0.022010516966735325,0.015484483548676802,0.018441341516356916,0.015052173249740083,0.02060674479471291,-0.02334285714285711,-0.024457142857142733,-0.02289999999999992,-0.023900000000000032,-0.02119666666666653,-0.028299999999999992,0.01629999999999998,0.009200000000000097,52.68576511298088,52.88360687159366,0.12200000000000011,0.12088571428571433,0.021242365575380198,5,28,2,1,59,9,0.8660254037844386,0.5000000000000001,0.8498170915275278,0.5270777086423722,-0.9749279121818236,-0.2225209339563146,1,0,1,76.69127042245346,1.0729855933346628,2.277511106614414
2026-03-01,2026-03-01,1.518,1.6296,geoportal_toledo,Toledo,0.0,False,OPEC,0.0,1.5247,1.6467,1.5093,1.6218,1.4966,1.6346,1.4681,1.6201,1.5127,1.6364,1.502114285714286,1.6212714285714287,1.5019928571428571,1.6230499999999999,1.5039866666666668,1.6190833333333332,0.01861750328511801,0.0214237962933541,0.01568112360013302,0.01851310346753973,0.01528309260392644,0.020627602587447988,-0.01588571428571406,-0.008328571428571241,-0.016007142857142886,-0.006550000000000056,-0.014013333333333211,-0.01051666666666673,0.005300000000000082,-0.006800000000000139,50.593406282062546,50.58508836235663,0.11159999999999992,0.11915714285714286,0.021466319133537068,6,1,3,1,60,9,1.0,6.123233995736766e-17,0.8587639582758029,0.5123714121284237,-0.7818314824680299,0.6234898018587334,1,1,0,77.95363076747546,1.0750731675724892,2.095349376226963
2026-03-02,2026-03-02,1.507,1.6312,geoportal_toledo,Toledo,0.0,False,OPEC,0.0,1.518,1.6296,1.5247,1.6467,1.5093,1.6218,1.5045,1.6178,1.4936,1.5783,1.5040285714285715,1.6288285714285713,1.5013928571428572,1.6245571428571428,1.5042699999999998,1.6191266666666666,0.018282023437035798,0.010050989053444875,0.01528435420672052,0.018234528290522065,0.015256635639433877,0.02065245970711399,-0.0029714285714284028,-0.002371428571428691,-0.0056071428571426996,-0.0066428571428571725,-0.0027300000000001212,-0.01207333333333338,0.013399999999999856,0.05289999999999995,48.238254750278664,53.70565481142282,0.12420000000000009,0.12480000000000002,0.015166080574756366,0,2,3,1,61,10,1.0,6.123233995736766e-17,0.8674563547295968,0.49751328890718066,0.0,1.0,0,1,0,77.26658073371551,1.0794058208944588,2.3842477004093983
2026-03-03,2026-03-03,1.5033,1.6162,geoportal_toledo,Toledo,0.0,False,OPEC,0.0,1.507,1.6312,1.518,1.6296,1.5247,1.6467,1.4966,1.6346,1.4681,1.6201,1.5090571428571429,1.6282714285714286,1.5032357142857145,1.6225571428571428,1.5043533333333334,1.6195266666666666,0.00946975134183144,0.010702447428157182,0.013649942639657645,0.01743222984481532,0.015243850842412107,0.02046878082606999,0.005757142857142794,0.01207142857142851,-6.42857142856279e-05,0.006357142857142728,0.0010533333333333506,0.003326666666666478,0.03520000000000012,-0.0039000000000000146,56.31733555903887,44.72891542688073,0.1129,0.11921428571428572,0.009690446940402858,1,3,3,1,62,10,1.0,6.123233995736766e-17,0.8758917051442429,0.48250774176121847,0.7818314824680298,0.6234898018587336,0,1,0,79.14551892370027,1.085374464268486,2.2621759091188216
2026-03-04,2026-03-04,1.5052,1.6051,geoportal_toledo,Toledo,0.0,False,OPEC,0.0,1.5033,1.6162,1.507,1.6312,1.518,1.6296,1.5093,1.6218,1.5045,1.6178,1.5091571428571429,1.6264571428571428,1.5032857142857146,1.6222999999999999,1.5047966666666666,1.6200333333333332,0.009417157593604591,0.01348750744737304,0.013656210598555431,0.01767719086628049,0.015061494255065254,0.019890083013873853,0.00395714285714277,0.021357142857142852,-0.0019142857142855352,0.017199999999999882,-0.00040333333333353316,0.014933333333333243,0.000700000000000145,-0.012699999999999934,50.19542115983483,49.25373105739956,0.09989999999999988,0.11729999999999999,0.012081942448684949,2,4,3,1,63,10,1.0,6.123233995736766e-17,0.8840675099433636,0.4673592171580022,0.9749279121818236,-0.22252093395631434,0,0,0,82.66612397213277,1.070607103217069,2.306141361383071
2026-03-05,2026-03-05,1.4906,1.6337,geoportal_toledo,Toledo,0.0,False,OPEC,0.0,1.5052,1.6051,1.5033,1.6162,1.507,1.6312,1.5247,1.6467,1.4966,1.6346,1.5083,1.6263285714285713,1.5033857142857143,1.6244357142857144,1.5037733333333334,1.6206833333333333,0.010905961672403338,0.01340095945392717,0.013549842868397098,0.017065782550640944,0.014944008909887986,0.020011136267403338,0.01770000000000005,-0.007371428571428584,0.0127857142857144,-0.009264285714285503,0.013173333333333481,-0.013016666666666676,-0.006000000000000005,-0.0009000000000001229,50.39237628615844,55.643638815020395,0.1431,0.1180285714285714,0.013597023483801473,3,5,3,1,64,10,1.0,6.123233995736766e-17,0.8919813464595485,0.45207220393230435,0.43388373911755823,-0.900968867902419,0,0,0,78.6979247420216,1.0788147031451292,2.4008053874079094
2026-03-06,2026-03-06,1.5186,1.6313,geoportal_toledo,Toledo,0.0,False,OPEC,0.0,1.4906,1.6337,1.5052,1.6051,1.5033,1.6162,1.518,1.6296,1.5093,1.6218,1.5096285714285713,1.6276857142857144,1.5043285714285715,1.624307142857143,1.5039633333333333,1.6225666666666667,0.011592916556485694,0.013346838398593946,0.0141468903118146,0.017002147569582175,0.015099474376174248,0.018112623400179214,-0.00897142857142863,-0.00361428571428557,-0.01427142857142849,-0.006992857142857023,-0.014636666666666631,-0.00873333333333326,0.009299999999999864,0.009500000000000064,53.47003115216588,49.62184844760257,0.11270000000000002,0.11805714285714286,0.013583673673796468,4,6,3,1,65,10,1.0,6.123233995736766e-17,0.8996308696522433,0.43665123195606403,-0.433883739117558,-0.9009688679024191,0,0,0,80.82459534027144,1.0853334233534921,2.2688451207646345
2026-03-07,2026-03-07,1.5032,1.6282,geoportal_toledo,Toledo,0.0,False,OPEC,0.0,1.5186,1.6313,1.4906,1.6337,1.5052,1.6051,1.507,1.6312,1.5247,1.6467,1.5065571428571427,1.625042857142857,1.503957142857143,1.6236428571428572,1.5035666666666667,1.6232,0.009613507362532187,0.010477413348545263,0.014099957134998679,0.016624528416011516,0.014952414943534676,0.017960665835133068,0.0033571428571426143,-0.0031571428571430804,0.0007571428571429006,-0.004557142857142926,0.0003666666666666263,-0.0050000000000001155,-0.021499999999999853,-0.01849999999999996,48.716682782806764,48.035487675328795,0.125,0.11848571428571428,0.013774787181831975,5,7,3,1,66,10,1.0,6.123233995736766e-17,0.9070138128026359,0.4211008707960896,-0.9749279121818236,-0.2225209339563146,1,0,0,76.83316694667472,1.0816409171482502,2.2775149477509897
2026-03-08,2026-03-08,1.5086,1.623,geoportal_toledo,Toledo,0.0,False,OPEC,0.0,1.5032,1.6282,1.5186,1.6313,1.4906,1.6337,1.5033,1.6162,1.518,1.6296,1.5052142857142858,1.6241,1.5036642857142855,1.6226857142857143,1.5046766666666664,1.62393,0.00831793816026766,0.010294335011714771,0.013946138541538646,0.01621423197938005,0.013986488143014104,0.017469799556710998,-0.003385714285714103,0.001100000000000101,-0.0049357142857144876,-0.0003142857142857114,-0.003923333333333501,0.0009300000000000974,-0.009400000000000075,-0.006599999999999939,48.99361772905712,47.21760769890095,0.11440000000000006,0.11888571428571429,0.013580798770252636,6,8,3,1,67,10,1.0,6.123233995736766e-17,0.9141279881853337,0.40542572835999735,-0.7818314824680299,0.6234898018587334,1,0,0,78.3283848324862,1.0834237782280707,2.261607070994453
2026-03-09,2026-03-09,1.4877,1.6035,geoportal_toledo,Toledo,0.0,False,OPEC,0.0,1.5086,1.623,1.5032,1.6282,1.5186,1.6313,1.5052,1.6051,1.507,1.6312,1.502457142857143,1.620142857142857,1.5032428571428569,1.6244857142857145,1.5037766666666668,1.62271,0.010531517323862167,0.012248653959093013,0.014356757416509264,0.011669675174620158,0.014186532791476537,0.01757926580397584,0.014757142857142913,0.01664285714285718,0.015542857142856858,0.020985714285714607,0.01607666666666674,0.01921000000000017,-0.019299999999999873,-0.027700000000000058,48.56447655479189,56.23145361659721,0.1157999999999999,0.11768571428571427,0.013402913684646913,0,9,3,1,68,11,1.0,6.123233995736766e-17,0.9209712877166346,0.38963044953078796,0.0,1.0,0,0,0,75.45886187751286,1.0755900531566944,2.373204159951328
2026-03-10,2026-03-10,1.5157,1.6267,geoportal_toledo,Toledo,0.0,False,OPEC,0.0,1.4877,1.6035,1.5086,1.623,1.5032,1.6282,1.4906,1.6337,1.5033,1.6162,1.5042285714285715,1.6216428571428574,1.5066428571428572,1.624957142857143,1.5049733333333333,1.6227866666666666,0.011677430408798262,0.012327997558793009,0.010516778849183886,0.011612043766684073,0.013596143807592779,0.01759190121918847,-0.011471428571428577,-0.005057142857142649,-0.009057142857142875,-0.001742857142857046,-0.010726666666666773,-0.003913333333333435,0.012399999999999967,0.010499999999999954,61.44230727875373,51.79738522594584,0.11099999999999999,0.1174142857142857,0.013534576532155049,1,10,3,1,69,11,1.0,6.123233995736766e-17,0.9275416835791966,0.37371971479046906,0.7818314824680298,0.6234898018587336,0,0,0,80.47702082375079,1.0902573661953987,2.403176261510073
2026-03-11,2026-03-11,1.5376,1.6304,geoportal_toledo,Toledo,0.0,False,OPEC,0.0,1.5157,1.6267,1.4877,1.6035,1.5086,1.623,1.5186,1.6313,1.5052,1.6051,1.5088571428571431,1.625257142857143,1.5090071428571428,1.625857142857143,1.5067300000000001,1.6227866666666668,0.017228450998550426,0.010193602101789602,0.013339730379337061,0.011502422105171476,0.014299485160733306,0.01759190121918847,-0.02874285714285696,-0.005142857142857116,-0.02859285714285731,-0.004542857142857182,-0.030869999999999953,-0.00761333333333325,0.032399999999999984,0.0253000000000001,58.55297115258836,53.405405001256426,0.0928,0.11639999999999999,0.015226183588367321,2,11,3,1,70,11,1.0,6.123233995736766e-17,0.9338372288229252,0.35769823883312546,0.9749279121818236,-0.22252093395631434,0,0,0,76.65226444526716,1.0773986039531047,2.310176843488274
2026-03-12,2026-03-12,1.5165,1.6354,geoportal_toledo,Toledo,0.0,False,OPEC,0.0,1.5376,1.6304,1.5157,1.6267,1.4877,1.6035,1.5032,1.6282,1.4906,1.6337,1.5125571428571427,1.6255,1.5104285714285715,1.6259142857142856,1.50658,1.6240933333333334,0.01533067264699886,0.010445413666617153,0.012971117535119701,0.011551081011199577,0.01416762701274906,0.016994723995349154,-0.003942857142857248,-0.00990000000000002,-0.0060714285714285054,-0.00948571428571432,-0.009919999999999929,-0.011306666666666576,0.025900000000000034,0.0017000000000000348,54.81373934814111,50.23094647619326,0.1189,0.11294285714285714,0.010005974405799945,3,12,3,1,71,11,1.0,6.123233995736766e-17,0.9398560579418954,0.3415707691678556,0.43388373911755823,-0.900968867902419,0,0,0,75.16814352305504,1.0777536062923132,2.276464902865243
2026-03-13,2026-03-13,1.4778,1.625,geoportal_toledo,Toledo,0.0,False,OPEC,0.0,1.5165,1.6354,1.5376,1.6304,1.5157,1.6267,1.5086,1.623,1.5186,1.6313,1.5067285714285714,1.6245999999999998,1.5081785714285716,1.6261428571428571,1.5052333333333332,1.6234266666666666,0.01976492805330491,0.010129001266993296,0.01563950513536548,0.011494929603665644,0.0149248539144535,0.01653230762483676,0.028928571428571415,-0.000400000000000178,0.030378571428571588,0.0011428571428571122,0.0274333333333332,-0.0015733333333334265,-0.04079999999999995,-0.006299999999999972,43.23162844639327,50.93676773236844,0.1472,0.11787142857142856,0.01635121955550657,4,13,3,1,72,11,1.0,6.123233995736766e-17,0.9455963874271426,0.3253420847119801,-0.433883739117558,-0.9009688679024191,0,0,0,75.53401345961984,1.0837696984350018,2.262561682582803
2026-03-14,2026-03-14,1.5238,1.61,geoportal_toledo,Toledo,0.0,False,OPEC,0.0,1.4778,1.625,1.5165,1.6354,1.5376,1.6304,1.4877,1.6035,1.5032,1.6282,1.5096714285714286,1.622,1.5081142857142855,1.6235214285714286,1.50565,1.6242699999999999,0.020665084424837013,0.011317096211782783,0.01556805689880398,0.010595803129346703,0.015270542975237746,0.015069245913904517,-0.01412857142857149,0.01200000000000001,-0.015685714285714525,0.013521428571428462,-0.01815000000000011,0.014269999999999783,0.02059999999999995,-0.018199999999999994,49.82909202521563,38.595400534284906,0.08620000000000005,0.11232857142857143,0.019754215945439264,5,14,3,1,73,11,1.0,6.123233995736766e-17,0.9510565162951535,0.30901699437494745,-0.9749279121818236,-0.2225209339563146,1,0,0,78.5512699369041,1.0777898480096642,2.3022545926918943
2026-03-15,2026-03-15,1.515,1.6491,geoportal_toledo,Toledo,0.0,False,OPEC,0.0,1.5238,1.61,1.4778,1.625,1.5165,1.6354,1.5157,1.6267,1.5086,1.623,1.5105857142857142,1.6257285714285714,1.5079,1.6249142857142858,1.50555,1.62426,0.020751178968226154,0.015300077808706349,0.015441651964236797,0.012556570890466015,0.015196522968915938,0.015052084286876863,-0.004414285714285704,-0.0233714285714286,-0.007099999999999884,-0.024185714285714255,-0.009449999999999958,-0.024839999999999973,0.006399999999999961,0.026100000000000012,49.434815112250384,55.330781424477365,0.1341000000000001,0.11514285714285714,0.02143065227992039,6,15,3,1,74,11,1.0,6.123233995736766e-17,0.9562348265919056,0.29260033563334836,-0.7818314824680299,0.6234898018587334,1,0,0,77.98642102714832,1.0736884177116162,2.2624104999907235
2026-03-16,2026-03-16,1.513,1.6129,geoportal_toledo,Toledo,0.0,False,OPEC,0.0,1.515,1.6491,1.5238,1.61,1.4778,1.625,1.5376,1.6304,1.4877,1.6035,1.5142,1.6270714285714285,1.5083285714285712,1.6236071428571428,1.5055599999999998,1.6236833333333331,0.018139735389467705,0.01330660416055891,0.015497911947268145,0.012802010916895543,0.015201488130419086,0.015147756937243916,0.0012000000000000899,0.014171428571428502,-0.00467142857142866,0.010707142857142804,-0.007440000000000113,0.010783333333333145,0.025299999999999878,0.009400000000000075,51.170046522472454,45.79310315351566,0.0999000000000001,0.11287142857142861,0.02217894754684527,0,16,3,1,75,12,1.0,6.123233995736766e-17,0.9611297838723007,0.27609697309746883,0.0,1.0,0,0,0,80.74961726081055,1.077343065124902,2.305839796746356
2026-03-17,2026-03-17,1.529,1.5937,geoportal_toledo,Toledo,0.0,False,OPEC,0.0,1.513,1.6129,1.515,1.6491,1.5238,1.61,1.5165,1.6354,1.5157,1.6267,1.5161,1.6223571428571426,1.5101642857142856,1.622,1.5060166666666668,1.6226033333333334,0.018999210509910634,0.018350009731412695,0.01635484436079822,0.015023059198849666,0.015701725873363756,0.01609492280906695,-0.012899999999999912,0.028657142857142714,-0.01883571428571429,0.028300000000000214,-0.022983333333333134,0.028903333333333503,0.013299999999999867,-0.03300000000000014,54.78228479086265,44.92557481779065,0.06469999999999998,0.1062571428571429,0.028758121006239687,1,17,3,1,76,12,1.0,6.123233995736766e-17,0.9657399376548549,0.2595117970697999,0.7818314824680298,0.6234898018587336,0,0,0,75.22879285430564,1.0857022000234458,2.354075501155938
2026-03-18,2026-03-18,1.5141,1.6223,geoportal_toledo,Toledo,0.0,False,OPEC,0.0,1.529,1.5937,1.513,1.6129,1.515,1.6491,1.4778,1.625,1.5376,1.6304,1.512742857142857,1.6212,1.5108,1.6232285714285715,1.5059733333333334,1.62301,0.016475624130092993,0.018010552462378312,0.01631997360480516,0.01421631936415213,0.015676710891248138,0.01592130106449045,-0.0013571428571430566,-0.001100000000000101,-0.0033000000000000806,0.0009285714285713897,-0.008126666666666615,0.0007099999999999884,-0.023500000000000076,-0.008099999999999996,51.579694454343,53.595317412067565,0.10820000000000007,0.1084571428571429,0.028139465592109673,2,18,3,1,77,12,1.0,6.123233995736766e-17,0.9700639218515071,0.2428497220959356,0.9749279121818236,-0.22252093395631434,0,0,0,80.00955791541573,1.0845892101210444,2.2532329428891567
2026-03-19,2026-03-19,1.5236,1.6337,geoportal_toledo,Toledo,0.0,False,OPEC,0.0,1.5141,1.6223,1.529,1.5937,1.513,1.6129,1.5238,1.61,1.5165,1.6354,1.5137571428571428,1.620957142857143,1.5131571428571429,1.6232285714285715,1.5075100000000001,1.62266,0.01695699041131509,0.01779736470594092,0.015542631906900514,0.01421631936415213,0.015035758527015572,0.015550509471638687,-0.009842857142857264,-0.012742857142856945,-0.010442857142857198,-0.010471428571428465,-0.016089999999999938,-0.011039999999999939,0.007100000000000106,-0.0017000000000000348,55.96529255838249,49.99999968468469,0.11009999999999986,0.10720000000000003,0.027789566387405193,3,19,3,1,78,12,1.0,6.123233995736766e-17,0.9741004551724205,0.22611568550828828,0.43388373911755823,-0.900968867902419,0,0,0,77.53642901329641,1.081795450893363,2.2075927479104274
2026-03-20,2026-03-20,1.527,1.6605,geoportal_toledo,Toledo,0.0,False,OPEC,0.0,1.5236,1.6337,1.5141,1.6223,1.529,1.5937,1.515,1.6491,1.4778,1.625,1.5207857142857144,1.6260285714285716,1.5137571428571428,1.6253142857142857,1.50826,1.6243866666666666,0.006606670510777389,0.02333714594701914,0.015926306940004867,0.01729930443878482,0.015436267192153337,0.01677464698910623,-0.006214285714285506,-0.034471428571428486,-0.013242857142857112,-0.035185714285714376,-0.01873999999999998,-0.03611333333333344,0.04919999999999991,0.03550000000000009,51.666666379629625,55.92532435756718,0.13350000000000017,0.1052428571428572,0.024827528883805426,4,20,3,1,79,12,1.0,6.123233995736766e-17,0.9778483415056568,0.20931464596304847,-0.433883739117558,-0.9009688679024191,0,0,0,77.85722687540039,1.0855837130084374,2.295571215038985
2026-03-21,2026-03-21,1.5035,1.6202,geoportal_toledo,Toledo,0.0,False,OPEC,0.0,1.527,1.6605,1.5236,1.6337,1.5141,1.6223,1.513,1.6129,1.5238,1.61,1.5178857142857143,1.627485714285714,1.5137785714285712,1.6247428571428573,1.5087366666666666,1.6249333333333333,0.009062087429026455,0.02247194017520937,0.01591120449781923,0.017328753973830366,0.015043190310323383,0.01634227294648469,0.014385714285714224,0.007285714285713896,0.010278571428571137,0.004542857142857182,0.005236666666666556,0.004733333333333256,-0.020299999999999985,0.010199999999999987,50.05766985743661,48.589562524593134,0.11670000000000003,0.10960000000000004,0.023573219268200704,5,21,3,1,80,12,1.0,6.123233995736766e-17,0.9813064702716093,0.19245158197082998,-0.9749279121818236,-0.2225209339563146,1,0,0,78.9887682915423,1.0720464315503557,2.2572049433875496
2026-03-22,2026-03-22,1.5344,1.6429,geoportal_toledo,Toledo,0.0,False,OPEC,0.0,1.5035,1.6202,1.527,1.6605,1.5236,1.6337,1.529,1.5937,1.515,1.6491,1.520657142857143,1.6266,1.5156214285714287,1.6261642857142857,1.5097033333333334,1.62526,0.010827104436370399,0.021582631906236383,0.01673789705435514,0.01797877411508199,0.01573713997880836,0.0166069491063417,-0.013742857142857057,-0.01629999999999998,-0.01877857142857131,-0.016735714285714298,-0.02469666666666659,-0.0176400000000001,0.019400000000000084,-0.006199999999999983,54.51680645544984,53.304549735548434,0.10850000000000004,0.10594285714285719,0.0209822033433779,6,22,3,1,81,12,1.0,6.123233995736766e-17,0.9844738167520922,0.1755314904214282,-0.7818314824680299,0.6234898018587334,1,0,0,74.29678543090851,1.0718219018043158,2.1606180969757554
2026-03-23,2026-03-23,1.5237,1.6148,geoportal_toledo,Toledo,0.0,False,OPEC,0.0,1.5344,1.6429,1.5035,1.6202,1.527,1.6605,1.5141,1.6223,1.513,1.6129,1.5221857142857143,1.6268714285714287,1.5181928571428571,1.6269714285714285,1.5102133333333334,1.6245033333333334,0.010308803450027774,0.02139273352377252,0.014767764493377421,0.017115958750705873,0.01594005437046244,0.01654705898096321,-0.0015142857142858013,0.012071428571428733,-0.005507142857142933,0.0121714285714285,-0.013486666666666647,0.009703333333333397,0.010700000000000154,0.0019000000000000128,56.535947425016985,51.824345907155056,0.09109999999999996,0.1046857142857143,0.02165736430342877,0,23,3,1,82,13,1.0,6.123233995736766e-17,0.9873494423939864,0.15855938510313478,0.0,1.0,0,0,0,74.43588391455913,1.084151990249629,2.2117173396918246
2026-03-24,2026-03-24,1.5122,1.6423,geoportal_toledo,Toledo,0.0,False,OPEC,0.0,1.5237,1.6148,1.5344,1.6429,1.5035,1.6202,1.5236,1.6337,1.529,1.5937,1.5197857142857143,1.6338142857142857,1.517942857142857,1.6280857142857141,1.5101966666666666,1.6247,0.01041304127386962,0.016052873945336662,0.014842647197321875,0.017597939439811975,0.01593762590664605,0.016727408851836153,0.007585714285714307,-0.00848571428571443,0.00574285714285705,-0.014214285714285957,-0.002003333333333357,-0.01760000000000006,-0.016799999999999926,0.0486000000000002,49.32406307820127,52.48407619911559,0.1301000000000001,0.11402857142857147,0.014435224774339889,1,24,3,1,83,13,1.0,6.123233995736766e-17,0.989932495087353,0.141540295217043,0.7818314824680298,0.6234898018587336,0,0,0,76.92934858094723,1.0809071435790802,2.3109410795509575
2026-03-25,2026-03-25,1.5261,1.6251,geoportal_toledo,Toledo,0.0,False,OPEC,0.0,1.5122,1.6423,1.5237,1.6148,1.5344,1.6429,1.527,1.6605,1.5141,1.6223,1.5215,1.6342142857142856,1.5171214285714285,1.6277071428571428,1.51128,1.62626,0.01030824912387543,0.01575017762560801,0.01396325830232952,0.017601331430652817,0.015875037876684702,0.01424970901094069,-0.0045999999999999375,0.00911428571428563,-0.008978571428571502,0.002607142857142808,-0.014820000000000055,0.0011600000000000499,0.01200000000000001,0.0027999999999999137,47.70825003271601,49.190839484375026,0.09899999999999998,0.11271428571428574,0.015438310418288352,2,25,3,1,84,13,1.0,6.123233995736766e-17,0.9922222094179323,0.12447926388678915,0.9749279121818236,-0.22252093395631434,0,0,0,78.49521930541817,1.083654905075538,2.4280770212754192
2026-03-26,2026-03-26,1.5245,1.6691,geoportal_toledo,Toledo,0.0,False,OPEC,0.0,1.5261,1.6251,1.5122,1.6423,1.5237,1.6148,1.5035,1.6202,1.5236,1.6337,1.5216285714285713,1.6392714285714285,1.5176928571428572,1.6301142857142856,1.5131599999999998,1.6278933333333334,0.010344356639520526,0.020518829911876098,0.014098906901748334,0.02075601329523321,0.013787440561661498,0.01619478275574197,-0.002871428571428636,-0.029828571428571538,-0.0068071428571427894,-0.0389857142857144,-0.011340000000000128,-0.041206666666666614,0.0008999999999999009,0.0354000000000001,51.728608157216726,54.597544129777454,0.14460000000000006,0.11764285714285719,0.019450266248636782,3,26,3,1,85,13,1.0,6.123233995736766e-17,0.994217906893952,0.10738134666416309,0.43388373911755823,-0.900968867902419,0,0,0,76.0574593156085,1.0803171954385407,2.3588233343709484
2026-03-27,2026-03-27,1.5206,1.6387,geoportal_toledo,Toledo,0.0,False,OPEC,0.0,1.5245,1.6691,1.5261,1.6251,1.5122,1.6423,1.5344,1.6429,1.527,1.6605,1.5207142857142857,1.6361571428571426,1.5207499999999998,1.6310928571428571,1.5136966666666667,1.62859,0.01006966212134132,0.018293519539524638,0.008182039429797179,0.020819202093835924,0.013752027645688695,0.016195153596058578,0.00011428571428573342,-0.002542857142857402,0.00014999999999987246,-0.007607142857142923,-0.006903333333333261,-0.010110000000000063,-0.006399999999999961,-0.02180000000000004,60.885045344663965,51.77231546576652,0.1181000000000001,0.11544285714285718,0.018187711707162574,4,27,3,1,86,13,1.0,6.123233995736766e-17,0.995918996147179,0.09025161003104117,-0.433883739117558,-0.9009688679024191,0,0,0,75.84711858979367,1.0705529544058852,2.3235227165776364
2026-03-28,2026-03-28,1.511,1.636,geoportal_toledo,Toledo,0.0,False,OPEC,0.0,1.5206,1.6387,1.5245,1.6691,1.5261,1.6251,1.5237,1.6148,1.5035,1.6202,1.5217857142857143,1.6384142857142856,1.5198357142857142,1.63295,1.5141766666666667,1.6286366666666665,0.00814850263778406,0.01691965608116433,0.008523055351660027,0.019933726734814562,0.013381012881956924,0.016215073518036586,0.010785714285714398,0.002414285714285702,0.00883571428571428,-0.003049999999999997,0.0031766666666668275,-0.007363333333333388,0.00749999999999984,0.015799999999999814,46.00499335576156,53.47407783307397,0.125,0.11662857142857146,0.01855026633103639,5,28,3,1,87,13,1.0,6.123233995736766e-17,0.9973249731081555,0.07309512989807777,-0.9749279121818236,-0.2225209339563146,1,0,1,77.16899073863381,1.080741203070238,2.318475379266433
2026-03-29,2026-03-29,1.5138,1.6162,geoportal_toledo,Toledo,0.0,False,OPEC,0.0,1.511,1.636,1.5206,1.6387,1.5245,1.6691,1.5122,1.6423,1.5344,1.6429,1.5188428571428572,1.6346,1.51975,1.6306,1.5143266666666666,1.62845,0.006356324184837075,0.018659939263926905,0.008581263130976994,0.019822326184997158,0.013349646342552871,0.016328328461442606,0.005042857142857127,0.018399999999999972,0.0059499999999999,0.014399999999999968,0.0005266666666665643,0.012249999999999872,-0.02059999999999995,-0.026699999999999946,49.61089449121112,45.36489133978348,0.10240000000000005,0.11575714285714289,0.019129981455197273,6,29,3,1,88,13,1.0,6.123233995736766e-17,0.9984354211555643,0.055916990100603484,-0.7818314824680299,0.6234898018587334,1,0,1,78.14957798970563,1.085611726675589,2.273998973348491
2026-03-30,2026-03-30,1.5318,1.6604,geoportal_toledo,Toledo,0.0,False,OPEC,0.0,1.5138,1.6162,1.511,1.636,1.5206,1.6387,1.5261,1.6251,1.5237,1.6148,1.5199999999999998,1.6411142857142857,1.5210928571428572,1.6339928571428572,1.5145633333333335,1.6289066666666667,0.007930321557155425,0.01855491206944645,0.008908463070906238,0.02060920124177478,0.013600468636278973,0.01703272576912943,-0.011800000000000255,-0.01928571428571435,-0.010707142857142804,-0.02640714285714285,-0.017236666666666567,-0.03149333333333337,0.008099999999999996,0.045600000000000085,55.52291376185622,56.54450239966299,0.12860000000000005,0.12111428571428576,0.01608212554063555,0,30,3,1,89,14,1.0,6.123233995736766e-17,0.9992500112396835,0.03872228089217446,0.0,1.0,0,0,1,79.35674552246029,1.0764243345731865,2.0968918118757376
2026-03-31,2026-03-31,1.5075,1.6348,geoportal_toledo,Toledo,0.0,False,OPEC,0.0,1.5318,1.6604,1.5138,1.6162,1.511,1.636,1.5245,1.6691,1.5122,1.6423,1.5193285714285714,1.6400428571428574,1.519557142857143,1.6369285714285713,1.5142133333333334,1.6290799999999999,0.008846791185825542,0.018691072480634036,0.009285697379527535,0.017047644934183162,0.013644014307994274,0.01706645025006254,0.0118285714285713,0.005242857142857327,0.012057142857142988,0.0021285714285712576,0.006713333333333349,-0.005720000000000169,-0.0046999999999999265,-0.007500000000000062,43.977590691492324,55.56458143029946,0.12729999999999997,0.12071428571428575,0.01585459224446013,1,31,3,1,90,14,1.0,6.123233995736766e-17,0.9997685019798909,0.021516097436222254,0.7818314824680298,0.6234898018587336,0,0,1,78.73613366196062,1.0778486178672233,2.4047086644712183
2026-04-01,2026-04-01,1.5225,1.623,geoportal_toledo,Toledo,0.0,False,OPEC,0.0,1.5075,1.6348,1.5318,1.6604,1.5138,1.6162,1.5206,1.6387,1.5261,1.6251,1.5188142857142857,1.639742857142857,1.5201571428571428,1.6369785714285714,1.51473,1.6288066666666665,0.008484776282926763,0.018985420471412117,0.009176702465039157,0.01700240609991998,0.013654913224637686,0.01709696349997476,-0.003685714285714292,0.01674285714285695,-0.002342857142857202,0.013978571428571396,-0.007770000000000055,0.005806666666666516,-0.0036000000000000476,-0.0020999999999999908,52.351623329830495,50.09929058116593,0.10050000000000003,0.12092857142857147,0.015518775111212241,2,1,4,2,91,14,0.8660254037844387,-0.4999999999999998,0.9999907397361901,0.004303538296244289,0.9749279121818236,-0.22252093395631434,0,1,0,77.94516417431728,1.0825750595464056,2.2950661957082037
2026-04-02,2026-04-02,1.5047,1.6286,geoportal_toledo,Toledo,0.0,False,OPEC,0.0,1.5225,1.623,1.5075,1.6348,1.5318,1.6604,1.511,1.636,1.5245,1.6691,1.5159857142857143,1.633957142857143,1.518807142857143,1.6366142857142856,1.5147766666666664,1.6292200000000001,0.00951164699572724,0.01408709304563222,0.009985794855748287,0.017132194486167613,0.013616842596535443,0.016930759601671265,0.011285714285714343,0.00535714285714306,0.014107142857143096,0.00801428571428553,0.010076666666666512,0.0006200000000000649,-0.01980000000000004,-0.04049999999999998,44.943819888061235,49.264493599739595,0.12390000000000012,0.11797142857142862,0.011777622041498046,3,2,4,2,92,14,0.8660254037844387,-0.4999999999999998,0.9999166586547379,-0.01291029607500882,0.43388373911755823,-0.900968867902419,0,1,0,79.8925000314627,1.080839283378706,2.245001334066678
2026-04-03,2026-04-03,1.5198,1.6555,geoportal_toledo,Toledo,0.0,False,OPEC,0.0,1.5047,1.6286,1.5225,1.623,1.5075,1.6348,1.5138,1.6162,1.5206,1.6387,1.5158714285714285,1.636357142857143,1.518292857142857,1.6362571428571429,1.5152633333333334,1.6309,0.009451580870535891,0.016288836375760726,0.009713073211336477,0.016641038904586476,0.013523351026593893,0.016955377541834144,-0.003928571428571503,-0.019142857142856906,-0.001507142857142929,-0.019242857142857117,-0.004536666666666633,-0.024599999999999955,-0.0007999999999999119,0.016799999999999926,48.187310838558766,49.27912321513617,0.13569999999999993,0.12048571428571431,0.013554264835766426,4,3,4,2,93,14,0.8660254037844387,-0.4999999999999998,0.9995462806873573,-0.030120304846908114,-0.433883739117558,-0.9009688679024191,0,1,0,77.2214792395327,1.0820612453659233,2.286834461929625
2026-04-04,2026-04-04,1.5365,1.6428,geoportal_toledo,Toledo,0.0,False,OPEC,0.0,1.5198,1.6555,1.5047,1.6286,1.5225,1.623,1.5318,1.6604,1.511,1.636,1.5195142857142858,1.6373285714285715,1.52065,1.6378714285714284,1.5167933333333332,1.6312033333333333,0.01186668004279126,0.016465794270319876,0.009850244042270941,0.016049223732547357,0.01323011020709687,0.01708807778244168,-0.01698571428571416,-0.0054714285714285715,-0.01584999999999992,-0.004928571428571615,-0.01970666666666676,-0.0115966666666667,0.025500000000000078,0.006800000000000139,58.60271072969864,53.54010001580155,0.10630000000000006,0.11781428571428575,0.014336483596222643,5,4,4,2,94,14,0.8660254037844387,-0.4999999999999998,0.9988797155850336,-0.04732138832243185,-0.9749279121818236,-0.2225209339563146,1,0,0,80.4904770596996,1.0821222848992134,2.194617274798096
2026-04-05,2026-04-05,1.5347,1.64,geoportal_toledo,Toledo,0.0,False,OPEC,0.0,1.5365,1.6428,1.5198,1.6555,1.5047,1.6286,1.5075,1.6348,1.5138,1.6162,1.5224999999999997,1.6407285714285715,1.5206714285714287,1.6376642857142858,1.51733,1.6314933333333335,0.012783192089610214,0.013580220210015292,0.009882729969413208,0.015997961752034533,0.01362652459043643,0.01716343212468813,-0.01220000000000021,0.0007285714285716338,-0.01402857142857128,-0.0023357142857141078,-0.017369999999999886,-0.00850666666666644,0.02089999999999992,0.02379999999999982,50.092193791462364,49.515536019639974,0.10529999999999995,0.11822857142857145,0.013850477041810283,6,5,4,2,95,14,0.8660254037844387,-0.4999999999999998,0.9979171608653922,-0.06450844944931623,-0.7818314824680299,0.6234898018587334,1,0,0,77.04035281063965,1.0776060172596058,2.3488886854654454
2026-04-06,2026-04-06,1.5113,1.663,geoportal_toledo,Toledo,0.0,False,OPEC,0.0,1.5347,1.64,1.5365,1.6428,1.5198,1.6555,1.5225,1.623,1.5318,1.6604,1.5195714285714286,1.6411,1.5197857142857143,1.6411071428571429,1.5176000000000003,1.6326533333333333,0.012644987713936259,0.014228023990238224,0.01014266367250804,0.01588499360962378,0.013415508267260755,0.0180844519490853,0.008271428571428485,-0.02190000000000003,0.008485714285714208,-0.02189285714285716,0.006300000000000194,-0.030346666666666744,-0.020499999999999963,0.0025999999999999357,46.46522197804271,58.19170604531479,0.15169999999999995,0.12152857142857143,0.018652766933774538,0,6,4,2,96,15,0.8660254037844387,-0.4999999999999998,0.9966589017541702,-0.08167639533042241,0.0,1.0,0,0,0,78.0264022924863,1.0757560479226445,2.2622991275262514
2026-04-07,2026-04-07,1.5351,1.6352,geoportal_toledo,Toledo,0.0,False,OPEC,0.0,1.5113,1.663,1.5347,1.64,1.5365,1.6428,1.5047,1.6286,1.5075,1.6348,1.5235142857142858,1.6411571428571428,1.5214214285714287,1.6406000000000003,1.5184833333333334,1.6330600000000002,0.012556330219108508,0.014199278989077288,0.010658631646295545,0.015957154170795542,0.013672451116760579,0.01799685029913788,-0.011585714285714088,0.005957142857142772,-0.013678571428571207,0.0054000000000002935,-0.016616666666666502,-0.0021399999999998087,0.027599999999999847,0.00039999999999995595,56.1001594110803,48.79456683085773,0.10010000000000008,0.11764285714285716,0.02003221215466535,1,7,4,2,97,15,0.8660254037844387,-0.4999999999999998,0.9951053111006976,-0.09882013873287143,0.7818314824680298,0.6234898018587336,0,0,0,81.07711819891985,1.0819109619486829,2.2771140586414305
2026-04-08,2026-04-08,1.5033,1.621,geoportal_toledo,Toledo,0.0,False,OPEC,0.0,1.5351,1.6352,1.5113,1.663,1.5347,1.64,1.5198,1.6555,1.5225,1.623,1.5207714285714284,1.6408714285714285,1.5197928571428572,1.640307142857143,1.5190033333333333,1.6336433333333331,0.01472466346934942,0.014638842655273047,0.011589946856299903,0.016297496942572997,0.012725144354802171,0.01727481090935429,0.01747142857142836,0.01987142857142854,0.016492857142857087,0.019307142857142967,0.01570333333333318,0.012643333333333118,-0.019199999999999884,-0.0020000000000000018,44.45525261557709,49.29674075809456,0.11769999999999992,0.1201,0.01858135265976794,2,8,4,2,98,15,0.8660254037844387,-0.4999999999999998,0.9932568492674143,-0.11593459959550041,0.9749279121818236,-0.22252093395631434,0,0,0,78.52183220372909,1.089086306033549,2.3969085592896957
2026-04-09,2026-04-09,1.502,1.6384,geoportal_toledo,Toledo,0.0,False,OPEC,0.0,1.5033,1.621,1.5351,1.6352,1.5113,1.663,1.5365,1.6428,1.5047,1.6286,1.5203857142857142,1.6422714285714284,1.5181857142857142,1.6381142857142859,1.5185466666666667,1.6340333333333334,0.015242093969376678,0.013708721589527554,0.012417472624234697,0.014033468628889299,0.013088419027661669,0.017244696002823814,0.018385714285714228,0.0038714285714283037,0.016185714285714248,-0.0002857142857142225,0.01654666666666671,-0.00436666666666663,-0.0026999999999999247,0.009800000000000031,44.52021401691039,44.205360279775384,0.13640000000000008,0.12188571428571428,0.019581149827612963,3,9,4,2,99,15,0.8660254037844387,-0.4999999999999998,0.9911140639934547,-0.1330147065341959,0.43388373911755823,-0.900968867902419,0,0,0,78.49604778066411,1.0805727383669634,2.3704218224034572
2026-04-10,2026-04-10,1.5237,1.6432,geoportal_toledo,Toledo,0.0,False,OPEC,0.0,1.502,1.6384,1.5033,1.621,1.5351,1.6352,1.5347,1.64,1.5198,1.6555,1.5209428571428572,1.6405142857142856,1.5184071428571428,1.6384357142857144,1.5180833333333332,1.63446,0.015288324209760049,0.012462133120172006,0.012491256282555202,0.014099296607807846,0.012628623299344957,0.017309925396757245,-0.0027571428571429024,-0.0026857142857144023,-0.00529285714285721,-0.004764285714285554,-0.005616666666666825,-0.00873999999999997,0.0039000000000000146,-0.012299999999999978,50.694755396805675,50.940242075568996,0.11949999999999994,0.11957142857142856,0.01860955975529011,4,10,4,2,100,15,0.8660254037844387,-0.4999999999999998,0.9886775902323405,-0.1500553983446526,-0.433883739117558,-0.9009688679024191,0,0,0,78.58390813803172,1.0831818772277397,2.0271069152682335
2026-04-11,2026-04-11,1.537,1.6276,geoportal_toledo,Toledo,0.0,False,OPEC,0.0,1.5237,1.6432,1.502,1.6384,1.5033,1.621,1.5113,1.663,1.5365,1.6428,1.5210142857142857,1.6383428571428573,1.5202642857142856,1.6378357142857143,1.5187666666666666,1.6342,0.015374050493324987,0.013293965691607755,0.013216982498801025,0.014386725031870065,0.013086326987469279,0.017353842861708987,-0.01598571428571427,0.010742857142857387,-0.016735714285714298,0.010235714285714348,-0.018233333333333324,0.006600000000000161,0.0004999999999999449,-0.015200000000000102,55.731922054564876,48.33465476737306,0.09060000000000001,0.11732857142857142,0.021236345753268854,5,11,4,2,101,15,0.8660254037844387,-0.4999999999999998,0.9859481499638304,-0.16705162550211924,-0.9749279121818236,-0.2225209339563146,1,0,0,78.33850621808683,1.0783976920355833,2.3066482901775536
2026-04-12,2026-04-12,1.5577,1.6476,geoportal_toledo,Toledo,0.0,False,OPEC,0.0,1.537,1.6276,1.5237,1.6432,1.502,1.6384,1.5351,1.6352,1.5347,1.64,1.5243000000000002,1.6394285714285712,1.5234,1.6400785714285713,1.52143,1.6349533333333333,0.020417068023262604,0.013754237442300138,0.016391695833795558,0.013148628391250498,0.012582202811359841,0.017431060927476354,-0.033399999999999874,-0.008171428571428718,-0.0343,-0.007521428571428679,-0.036270000000000024,-0.012646666666666695,0.02300000000000013,0.007600000000000051,58.97016721471913,56.22028494964973,0.08989999999999987,0.1151285714285714,0.02337967167474872,6,12,4,2,102,15,0.8660254037844387,-0.4999999999999998,0.9829265519799822,-0.18399835165768005,-0.7818314824680299,0.6234898018587334,1,0,0,75.79654582194684,1.0849722834387567,2.1644654073453817
2026-04-13,2026-04-13,1.4913,1.6319,geoportal_toledo,Toledo,0.0,False,OPEC,0.0,1.5577,1.6476,1.537,1.6276,1.5237,1.6432,1.5033,1.621,1.5113,1.663,1.521442857142857,1.634985714285714,1.520507142857143,1.6380428571428571,1.5203466666666665,1.6356833333333334,0.023678390791522702,0.009110146096790723,0.018262254654202226,0.011908091256050073,0.013718895434910386,0.01679704578568379,0.030142857142857027,0.003085714285714136,0.029207142857142987,0.006142857142857228,0.029046666666666443,0.0037833333333334718,-0.020000000000000018,-0.031100000000000128,43.091094983529395,43.63555131268522,0.14059999999999984,0.1135428571428571,0.020709809040070592,0,13,4,2,103,16,0.8660254037844387,-0.4999999999999998,0.9796136916454901,-0.20089055513063506,0.0,1.0,0,0,0,77.75621297106969,1.0851072167281235,2.07064280411704
2026-04-14,2026-04-14,1.5156,1.6267,geoportal_toledo,Toledo,0.0,False,OPEC,0.0,1.4913,1.6319,1.5577,1.6476,1.537,1.6276,1.502,1.6384,1.5351,1.6352,1.518657142857143,1.6337714285714284,1.5210857142857144,1.6374642857142858,1.5203666666666666,1.6349366666666667,0.022939402574524016,0.009628553765709199,0.01794400937715584,0.012269073511677494,0.013711267285509922,0.016677519110409753,0.0030571428571428694,0.007071428571428395,0.005485714285714316,0.010764285714285782,0.004766666666666586,0.00823666666666667,-0.01949999999999985,-0.008499999999999952,51.381780716702515,48.00982767953928,0.11109999999999998,0.11511428571428566,0.019922134136970072,1,14,4,2,104,16,0.8660254037844387,-0.4999999999999998,0.9760105506323683,-0.21772323039653177,0.7818314824680298,0.6234898018587336,0,0,0,76.14443668001458,1.0672511662342188,2.3743833712030176
2026-04-15,2026-04-15,1.5344,1.6461,geoportal_toledo,Toledo,0.0,False,OPEC,0.0,1.5156,1.6267,1.4913,1.6319,1.5577,1.6476,1.5237,1.6432,1.5033,1.621,1.5231000000000001,1.6373571428571427,1.5219357142857142,1.6391142857142857,1.5210800000000002,1.6360433333333333,0.02247635794933281,0.008709545939732296,0.018294581255024256,0.011715003998338734,0.01387054432962107,0.01626113800431331,-0.011299999999999866,-0.008742857142857163,-0.012464285714285817,-0.006985714285714151,-0.013319999999999776,-0.010056666666666603,0.031099999999999905,0.0250999999999999,52.00404151968455,55.471340228991565,0.11169999999999991,0.11425714285714281,0.019921417046557127,2,15,4,2,105,16,0.8660254037844387,-0.4999999999999998,0.9721181966290613,-0.23449138957040985,0.9749279121818236,-0.22252093395631434,0,0,0,78.48790880561532,1.0795110988748196,2.3357388792040386
2026-04-16,2026-04-16,1.5178,1.6255,geoportal_toledo,Toledo,0.0,False,OPEC,0.0,1.5344,1.6461,1.5156,1.6267,1.4913,1.6319,1.537,1.6276,1.502,1.6384,1.5253571428571429,1.635514285714286,1.5228714285714287,1.6388928571428572,1.5207066666666667,1.6371033333333334,0.020729757768548972,0.009754217646991116,0.017669549146283995,0.011955845965343805,0.013800573034911869,0.01432722230058897,0.007557142857142818,0.010014285714285975,0.005071428571428616,0.013392857142857206,0.002906666666666613,0.01160333333333341,0.015800000000000036,-0.012900000000000134,52.215082607030396,49.314462321803404,0.1076999999999999,0.11015714285714277,0.017398262091643593,3,16,4,2,106,16,0.8660254037844387,-0.4999999999999998,0.9679377830240642,-0.25119006388481935,0.43388373911755823,-0.900968867902419,0,0,0,78.14197781505682,1.0832713671268746,2.150778522797643
2026-04-17,2026-04-17,1.5146,1.6497,geoportal_toledo,Toledo,0.0,False,OPEC,0.0,1.5178,1.6255,1.5344,1.6461,1.5156,1.6267,1.5577,1.6476,1.5237,1.6432,1.5240571428571428,1.636442857142857,1.5225000000000002,1.6384785714285715,1.5207233333333332,1.6380166666666667,0.021132428251608694,0.010855084391333446,0.01779330038136596,0.011424816347373173,0.013792618798956054,0.014223974015074957,0.00945714285714283,-0.013257142857142856,0.00790000000000024,-0.011221428571428493,0.0061233333333332585,-0.011683333333333268,-0.009100000000000108,0.00649999999999995,49.08386163242631,48.70187973060594,0.1351,0.11238571428571421,0.019648106657846054,4,17,4,2,107,16,0.8660254037844387,-0.4999999999999998,0.9634705485641488,-0.2678143051621742,-0.433883739117558,-0.9009688679024191,0,0,0,77.00149193289899,1.0763294661359701,2.1971284388159016
2026-04-18,2026-04-18,1.522,1.6422,geoportal_toledo,Toledo,0.0,False,OPEC,0.0,1.5146,1.6497,1.5178,1.6255,1.5344,1.6461,1.4913,1.6319,1.537,1.6276,1.5219142857142856,1.6385285714285713,1.5214642857142857,1.6384357142857142,1.52067,1.6383,0.020347188878023684,0.010259095848034945,0.017331723121882858,0.011408472367412681,0.013784202602228858,0.014219680388276866,-8.57142857144666e-05,-0.0036714285714287698,-0.000535714285714306,-0.0037642857142858865,-0.0013300000000000534,-0.0039000000000000146,-0.014999999999999902,0.014600000000000168,47.35883400254147,49.86251113745412,0.12020000000000008,0.11661428571428566,0.017212246470795983,5,18,4,2,108,16,0.8660254037844387,-0.4999999999999998,0.9587178169872964,-0.2843591872810034,-0.9749279121818236,-0.2225209339563146,1,0,0,76.11868756002569,1.0894432161692438,2.306129739511064
2026-04-19,2026-04-19,1.5231,1.6667,geoportal_toledo,Toledo,0.0,False,OPEC,0.0,1.522,1.6422,1.5146,1.6497,1.5178,1.6255,1.5156,1.6267,1.5577,1.6476,1.5169714285714286,1.641257142857143,1.520635714285714,1.640342857142857,1.5205400000000002,1.6385066666666668,0.013126400152070488,0.014666953460403856,0.01692274787392345,0.013693047887133452,0.013740767433267862,0.0145935964543077,-0.006128571428571261,-0.0254428571428571,-0.0024642857142858077,-0.026357142857142968,-0.0025599999999996736,-0.028193333333333293,-0.034600000000000186,0.019100000000000117,47.881665204403454,55.56481835018452,0.14360000000000017,0.12428571428571426,0.015166787022023802,6,19,4,2,109,16,0.8660254037844387,-0.4999999999999998,0.9536809966304457,-0.30081980763566735,-0.7818314824680299,0.6234898018587334,1,0,0,75.23893632556779,1.0879378413270633,2.5322611908921604
2026-04-20,2026-04-20,1.5368,1.6243,geoportal_toledo,Toledo,0.0,False,OPEC,0.0,1.5231,1.6667,1.522,1.6422,1.5146,1.6497,1.5344,1.6461,1.4913,1.6319,1.5234714285714286,1.6401714285714288,1.5224571428571427,1.6375785714285713,1.5216500000000002,1.6386433333333335,0.00887143623954139,0.015718642253255817,0.017210493859883234,0.012632508647337443,0.013661568294886442,0.014434577340137934,-0.013328571428571356,0.01587142857142876,-0.014342857142857213,0.01327857142857125,-0.015149999999999775,0.014343333333333375,0.045499999999999874,-0.007599999999999829,54.8277164833063,42.53760100442483,0.08750000000000013,0.11670000000000003,0.01854912396853287,0,20,4,2,110,17,0.8660254037844387,-0.4999999999999998,0.9483615800121715,-0.3171912885891061,0.0,1.0,0,0,0,78.15036307659366,1.0774092905500219,2.439528884672688
2026-04-21,2026-04-21,1.5368,1.6419,geoportal_toledo,Toledo,0.0,False,OPEC,0.0,1.5368,1.6243,1.5231,1.6667,1.522,1.6422,1.5178,1.6255,1.5156,1.6267,1.5265,1.6423428571428573,1.5225785714285713,1.6380571428571429,1.5217300000000002,1.6386100000000001,0.009342554968165197,0.01455424991115386,0.01731225348933813,0.01266234358461038,0.013745573582191204,0.014425560408641533,-0.010299999999999976,0.0004428571428574113,-0.014221428571428607,-0.003842857142857037,-0.015069999999999695,-0.003289999999999793,0.021199999999999886,0.01519999999999988,50.353724217664535,51.34484114057495,0.10509999999999997,0.11584285714285716,0.018984542584504317,1,21,4,2,111,17,0.8660254037844387,-0.4999999999999998,0.9427611433904207,-0.3334687789181868,0.7818314824680298,0.6234898018587336,0,0,0,73.94806907574048,1.0874432810074859,2.380217197313096
2026-04-22,2026-04-22,1.5032,1.6508,geoportal_toledo,Toledo,0.0,False,OPEC,0.0,1.5368,1.6419,1.5368,1.6243,1.5231,1.6667,1.5146,1.6497,1.5344,1.6461,1.522042857142857,1.6430142857142858,1.5225714285714287,1.6401857142857141,1.5210466666666667,1.63981,0.012007755430390081,0.014861631647912323,0.017320837986985728,0.012065070827214586,0.01414793108630981,0.013862983457565838,0.01884285714285694,-0.007785714285714285,0.019371428571428595,-0.01061428571428591,0.017846666666666566,-0.010990000000000055,-0.031199999999999894,0.0047000000000001485,49.97934708809961,56.1115665358647,0.14759999999999995,0.1209714285714286,0.022247525277036568,2,22,4,2,112,17,0.8660254037844387,-0.4999999999999998,0.9368813462954315,-0.3496474552512284,0.9749279121818236,-0.22252093395631434,0,0,0,81.50244355253511,1.064371858176609,2.1143926876426438
2026-04-23,2026-04-23,1.5429,1.6388,geoportal_toledo,Toledo,0.0,False,OPEC,0.0,1.5032,1.6508,1.5368,1.6419,1.5368,1.6243,1.522,1.6422,1.5178,1.6255,1.5256285714285713,1.6449142857142858,1.5254928571428572,1.6402142857142856,1.5220699999999998,1.6396933333333334,0.01409571025592201,0.012980424822461228,0.01703103340672752,0.012060989699325791,0.014589371426510272,0.013856031509610496,-0.017271428571428604,0.006114285714285739,-0.017407142857142732,0.0014142857142855902,-0.020830000000000126,0.0008933333333334126,0.0250999999999999,0.01330000000000009,57.29055229872807,50.08389232333285,0.0959000000000001,0.11928571428571434,0.023812701692684114,3,23,4,2,113,17,0.8660254037844387,-0.4999999999999998,0.9307239310379795,-0.36572252349726897,0.43388373911755823,-0.900968867902419,0,0,0,78.92580955674609,1.094563599015484,2.3026380078775612
2026-04-24,2026-04-24,1.5173,1.6226,geoportal_toledo,Toledo,0.0,False,OPEC,0.0,1.5429,1.6388,1.5032,1.6508,1.5368,1.6419,1.5231,1.6667,1.5146,1.6497,1.5260142857142858,1.6410428571428572,1.5250357142857143,1.638742857142857,1.5217766666666668,1.63961,0.01377696490177053,0.015171558604056399,0.01716819990307834,0.012896374820710649,0.014594015857554727,0.013953997079069328,0.008714285714285674,0.018442857142857205,0.007735714285714179,0.016142857142857014,0.004476666666666684,0.01700999999999997,0.0027000000000001467,-0.027099999999999902,48.874823950686526,45.87670110397366,0.10529999999999995,0.11502857142857148,0.02316935578774358,4,24,4,2,114,17,0.8660254037844387,-0.4999999999999998,0.9242907221930934,-0.3816892202666588,-0.433883739117558,-0.9009688679024191,0,0,0,78.8384305629828,1.0921362941260124,2.2414422782932535
2026-04-25,2026-04-25,1.5299,1.6282,geoportal_toledo,Toledo,0.0,False,OPEC,0.0,1.5173,1.6226,1.5429,1.6388,1.5032,1.6508,1.5368,1.6243,1.522,1.6422,1.5271428571428571,1.6390428571428572,1.5245285714285717,1.6387857142857143,1.5219566666666668,1.6382466666666666,0.013716760689367405,0.015898936771882314,0.01689020784002061,0.012857434673114312,0.014661906620460755,0.012934149755008095,-0.0027571428571429024,0.010842857142857154,-0.0053714285714283605,0.010585714285714198,-0.007943333333333191,0.010046666666666537,0.007900000000000018,-0.014000000000000012,48.748677940612815,50.12510396090435,0.09830000000000005,0.11190000000000004,0.02382400749943914,5,25,4,2,115,17,0.8660254037844387,-0.4999999999999998,0.9175836260593937,-0.39754281428255595,-0.9749279121818236,-0.2225209339563146,1,0,0,79.65779435252973,1.0857425019967284,2.2202619137848734
2026-04-26,2026-04-26,1.5306,1.6333,geoportal_toledo,Toledo,0.0,False,OPEC,0.0,1.5299,1.6282,1.5173,1.6226,1.5429,1.6388,1.5368,1.6419,1.5231,1.6667,1.528214285714286,1.6342714285714286,1.5225928571428573,1.6377642857142856,1.5222900000000001,1.6380666666666666,0.013641044506852919,0.010209099582520528,0.014122239105843492,0.012669989201787295,0.014743446235413783,0.012965161098064663,-0.0023857142857139912,0.000971428571428623,-0.008007142857142657,0.004464285714285587,-0.008309999999999818,0.004766666666666586,0.007500000000000062,-0.033400000000000096,44.86158489644965,46.8208089570959,0.10270000000000001,0.10605714285714288,0.019348889472254497,6,26,4,2,116,17,0.8660254037844387,-0.4999999999999998,0.9106046300942163,-0.4132786077829042,-0.7818314824680299,0.6234898018587334,1,0,0,76.9380018490833,1.0854329632332018,2.4318718919788984
2026-04-27,2026-04-27,1.5047,1.6297,geoportal_toledo,Toledo,0.0,False,OPEC,0.0,1.5306,1.6333,1.5299,1.6282,1.5173,1.6226,1.5032,1.6508,1.5368,1.6243,1.5236285714285713,1.635042857142857,1.52355,1.6376071428571426,1.5220799999999999,1.6378566666666667,0.015537450915521661,0.009510144959093232,0.012155324885699221,0.012761629042718518,0.014953177496484282,0.013050530002005754,0.018928571428571406,0.005342857142857094,0.018850000000000033,0.007907142857142668,0.01737999999999995,0.008156666666666812,-0.03210000000000002,0.005399999999999849,53.0017917822468,49.48308238122033,0.125,0.11141428571428572,0.018528575100047316,0,27,4,2,117,18,0.8660254037844387,-0.4999999999999998,0.9033558023246845,-0.4288919379124835,0.0,1.0,0,0,0,77.07783516003462,1.085401620649943,2.235073636681274
2026-04-28,2026-04-28,1.5278,1.6446,geoportal_toledo,Toledo,0.0,False,OPEC,0.0,1.5047,1.6297,1.5306,1.6333,1.5299,1.6282,1.5429,1.6388,1.5368,1.6419,1.522342857142857,1.6354285714285715,1.5244214285714286,1.638885714285714,1.5225466666666667,1.6388033333333334,0.014610596285210008,0.009882090582757526,0.011977554557871422,0.012478341676231932,0.014904239927486325,0.012441240744567475,-0.005457142857143049,-0.009171428571428608,-0.003378571428571453,-0.005714285714286005,-0.005253333333333332,-0.005796666666666672,-0.008999999999999897,0.0027000000000001467,52.74774741510429,54.0224715701957,0.11680000000000001,0.1130857142857143,0.018391250507730394,1,28,4,2,118,18,0.8660254037844387,-0.4999999999999998,0.895839290734909,-0.4443781781046132,0.7818314824680298,0.6234898018587336,0,0,1,77.23714712542723,1.0932030348419373,2.3754899648485526
2026-04-29,2026-04-29,1.4924,1.6535,geoportal_toledo,Toledo,0.0,False,OPEC,0.0,1.5278,1.6446,1.5047,1.6297,1.5306,1.6333,1.5173,1.6226,1.5032,1.6508,1.5208,1.6358142857142857,1.5214214285714287,1.6394142857142857,1.5212333333333334,1.6385733333333334,0.017292965814646774,0.010608083171409445,0.014317293393301405,0.01295506180507835,0.015771434967038468,0.012086953163702062,0.02839999999999998,-0.017685714285714305,0.029021428571428753,-0.014085714285714257,0.02883333333333349,-0.014926666666666533,-0.010800000000000143,0.0026999999999999247,41.198658601516655,51.74528267715381,0.16110000000000002,0.11501428571428574,0.022794475103368673,2,29,4,2,119,18,0.8660254037844387,-0.4999999999999998,0.8880573226294932,-0.45973273945210397,0.9749279121818236,-0.22252093395631434,0,0,1,75.71913984668686,1.0732313599229177,2.3095971123042744
2026-04-30,2026-04-30,1.521,1.6304,geoportal_toledo,Toledo,0.0,False,OPEC,0.0,1.4924,1.6535,1.5278,1.6446,1.5047,1.6297,1.5299,1.6282,1.5429,1.6388,1.5176714285714288,1.6346142857142856,1.52165,1.6397642857142858,1.521683333333333,1.6384266666666667,0.014360793186738247,0.010688845988764926,0.014280527355053906,0.01261187518191357,0.015557215497092427,0.012160788691902907,-0.0033285714285711254,0.004214285714285504,0.0006500000000000394,0.009364285714285714,0.000683333333333147,0.008026666666666626,-0.02190000000000003,-0.008399999999999963,50.638467394677335,51.14219080839599,0.10940000000000016,0.11694285714285717,0.021438505633777815,3,30,4,2,120,18,0.8660254037844387,-0.4999999999999998,0.8800122039735357,-0.47495107206704995,0.43388373911755823,-0.900968867902419,0,0,1,77.10924985223009,1.0868609376262048,2.3194983564762226
2026-05-01,2026-05-01,1.536,1.6459,geoportal_toledo,Toledo,0.0,False,OPEC,0.0,1.521,1.6304,1.4924,1.6535,1.5278,1.6446,1.5306,1.6333,1.5173,1.6226,1.5203428571428572,1.637942857142857,1.5231785714285713,1.639492857142857,1.5221333333333333,1.63919,0.015933388125026454,0.009924524697752977,0.01460938468516377,0.012421040727210654,0.01577537000677194,0.01187441033018367,-0.015657142857142814,-0.007957142857142996,-0.012821428571428761,-0.0064071428571428335,-0.013866666666666694,-0.006709999999999994,0.01869999999999994,0.023299999999999876,54.0777436139145,49.07677323271388,0.10989999999999989,0.11760000000000002,0.021089807964986294,4,1,5,2,121,18,0.49999999999999994,-0.8660254037844387,0.8717063187093219,-0.49002866642905923,-0.433883739117558,-0.9009688679024191,0,1,0,78.57581813879875,1.0787526413323965,2.116946985199769
2026-05-02,2026-05-02,1.5339,1.6221,geoportal_toledo,Toledo,0.0,False,OPEC,0.0,1.536,1.6459,1.521,1.6304,1.4924,1.6535,1.5047,1.6297,1.5299,1.6282,1.5209142857142857,1.6370714285714285,1.5240285714285715,1.6380571428571429,1.5231066666666668,1.6389733333333332,0.016398214188481128,0.011118560201415295,0.014879228090576568,0.013220014796079869,0.015562021261619994,0.012130836549975295,-0.012985714285714378,0.014971428571428413,-0.009871428571428531,0.01595714285714278,-0.01079333333333321,0.016873333333333074,0.0040000000000000036,-0.006099999999999994,52.31427431645281,45.47501096954067,0.08820000000000006,0.11615714285714288,0.022898242810519824,5,2,5,2,122,18,0.49999999999999994,-0.8660254037844387,0.8631421280499114,-0.5049610547215204,-0.9749279121818236,-0.2225209339563146,1,1,0,76.53834198509061,1.0924333524910583,2.3667415439796367
2026-05-03,2026-05-03,1.5463,1.6397,geoportal_toledo,Toledo,0.0,False,OPEC,0.0,1.5339,1.6221,1.536,1.6459,1.521,1.6304,1.5278,1.6446,1.5306,1.6333,1.5231571428571429,1.6379857142857142,1.5256857142857143,1.6361285714285714,1.5239900000000002,1.6384466666666668,0.01883621132666348,0.011019441693580184,0.01601633095133921,0.01038567271783519,0.0161102954873473,0.011724766987853467,-0.02314285714285713,-0.0017142857142857792,-0.020614285714285696,-0.0035714285714285587,-0.02230999999999983,-0.0012533333333331065,0.015700000000000047,0.006399999999999961,54.321907317247906,43.72676551478865,0.09339999999999993,0.11482857142857143,0.024049997524997393,6,3,5,2,123,18,0.49999999999999994,-0.8660254037844387,0.854322169749827,-0.5197438121555155,-0.7818314824680299,0.6234898018587334,1,1,0,76.72121783956406,1.0861150457840218,2.270262580569371
2026-05-04,2026-05-04,1.513,1.6447,geoportal_toledo,Toledo,0.0,False,OPEC,0.0,1.5463,1.6397,1.5339,1.6221,1.536,1.6459,1.4924,1.6535,1.5047,1.6297,1.524342857142857,1.6401285714285714,1.5239857142857145,1.6375857142857144,1.5232066666666668,1.63851,0.01770817675000418,0.010589729975429334,0.016008980995911238,0.010023192884713802,0.016052262346372498,0.011754187808368595,0.011342857142857099,-0.004571428571428671,0.010985714285714598,-0.007114285714285629,0.01020666666666692,-0.00619000000000014,0.008299999999999974,0.015000000000000124,45.86805533258584,55.736782463264944,0.13170000000000015,0.11578571428571431,0.02464815264013571,0,4,5,2,124,19,0.49999999999999994,-0.8660254037844387,0.8452490573530633,-0.5343725582809786,0.0,1.0,0,0,0,76.4927324663827,1.0801636618046244,2.2820247313781863
2026-05-05,2026-05-05,1.482,1.6325,geoportal_toledo,Toledo,0.0,False,OPEC,0.0,1.513,1.6447,1.5463,1.6397,1.5339,1.6221,1.521,1.6304,1.5278,1.6446,1.5178,1.6384,1.5200714285714287,1.6369142857142858,1.5214500000000002,1.6382599999999998,0.023674106811730388,0.010724893161866558,0.019046155621437886,0.010026799254821457,0.01756357417870914,0.011801069501499799,0.035800000000000054,0.005900000000000016,0.038071428571428756,0.004414285714285704,0.03945000000000021,0.005759999999999765,-0.04580000000000006,-0.0121,41.41065812547047,47.27378151865843,0.15050000000000008,0.12060000000000004,0.027949358967007953,1,5,5,2,125,19,0.49999999999999994,-0.8660254037844387,0.8359254794186372,-0.548842958284719,0.7818314824680298,0.6234898018587336,0,0,0,78.42488360602127,1.0798403965785408,2.358705359411338
2026-05-06,2026-05-06,1.5383,1.6373,geoportal_toledo,Toledo,0.0,False,OPEC,0.0,1.482,1.6325,1.513,1.6447,1.5463,1.6397,1.536,1.6459,1.4924,1.6535,1.524357142857143,1.6360857142857144,1.5225785714285713,1.63595,1.5223499999999999,1.6374033333333335,0.0217443369748552,0.008424652034646393,0.018964467932320785,0.009204075184383757,0.017716634497867242,0.010836607286009006,-0.013942857142857035,-0.0012142857142856123,-0.015721428571428664,-0.0013499999999999623,-0.01595000000000013,0.0001033333333335662,0.04590000000000005,-0.016199999999999992,55.136084058558616,45.98930443027313,0.09899999999999998,0.11172857142857147,0.022220089580206062,2,6,5,2,126,19,0.49999999999999994,-0.8660254037844387,0.8263541987239096,-0.5631507242749186,0.9749279121818236,-0.22252093395631434,0,0,0,75.58259660580654,1.0808027219521883,2.300932525293607
2026-05-07,2026-05-07,1.5092,1.6748,geoportal_toledo,Toledo,0.0,False,OPEC,0.0,1.5383,1.6373,1.482,1.6325,1.513,1.6447,1.5339,1.6221,1.521,1.6304,1.5226714285714285,1.6424285714285713,1.5201714285714285,1.6385214285714287,1.5214866666666667,1.6387233333333333,0.022492496103195182,0.016384414778049996,0.01831428314275372,0.013895000682109436,0.017704952226236522,0.012794009463840402,0.013471428571428357,-0.03237142857142872,0.01097142857142841,-0.03627857142857138,0.012286666666666557,-0.03607666666666676,-0.01179999999999981,0.044399999999999995,44.91090286053985,59.28792526830191,0.16559999999999997,0.11975714285714287,0.030021928493622653,3,7,5,2,127,19,0.49999999999999994,-0.8660254037844387,0.8165380514459161,-0.5772916165517272,0.43388373911755823,-0.900968867902419,0,0,0,74.44542510633934,1.0766019134683322,2.4269649624075194
2026-05-08,2026-05-08,1.5165,1.6368,geoportal_toledo,Toledo,0.0,False,OPEC,0.0,1.5092,1.6748,1.5383,1.6373,1.482,1.6325,1.5463,1.6397,1.536,1.6459,1.519885714285714,1.6411285714285715,1.5201142857142858,1.639535714285714,1.5219266666666666,1.63925,0.02176230905115479,0.016424038712179716,0.018325176340545108,0.013141221529845558,0.017398769939345818,0.012357009737597935,0.003385714285714103,0.004328571428571459,0.003614285714285792,0.0027357142857140637,0.005426666666666691,0.0024500000000000632,-0.019500000000000073,-0.009099999999999886,49.87212253893549,53.29313508993326,0.12030000000000007,0.12124285714285718,0.029708520502983504,4,8,5,2,128,19,0.49999999999999994,-0.8660254037844387,0.8064799463209448,-0.5912614448635781,-0.433883739117558,-0.9009688679024191,0,0,0,75.44641502919553,1.084644424034178,2.235744041655961
2026-05-09,2026-05-09,1.5092,1.6435,geoportal_toledo,Toledo,0.0,False,OPEC,0.0,1.5165,1.6368,1.5092,1.6748,1.5383,1.6373,1.513,1.6447,1.5339,1.6221,1.516357142857143,1.6441857142857141,1.5186357142857143,1.6406285714285715,1.5221666666666667,1.63942,0.021103779846496987,0.014122137299463735,0.018309963960089343,0.012756562629080695,0.017162475774567858,0.012379972703437134,0.007157142857142862,0.0006857142857141785,0.009435714285714214,-0.002871428571428414,0.01296666666666657,-0.0040799999999998615,-0.024699999999999944,0.021399999999999864,46.634146129145364,53.530225773224174,0.13429999999999986,0.12782857142857143,0.0260468625292769,5,9,5,2,129,19,0.49999999999999994,-0.8660254037844387,0.7961828637826158,-0.6050560696488488,-0.9749279121818236,-0.2225209339563146,1,0,0,74.74896380531926,1.0808581650850047,2.3309627473441865
2026-05-10,2026-05-10,1.5021,1.6208,geoportal_toledo,Toledo,0.0,False,OPEC,0.0,1.5092,1.6435,1.5165,1.6368,1.5092,1.6748,1.482,1.6325,1.5463,1.6397,1.510042857142857,1.6414857142857144,1.5166,1.6397357142857145,1.5214466666666666,1.6386733333333332,0.016831602928502193,0.01669505201863397,0.01846114422655982,0.01371072612915827,0.017544755249976944,0.012812088401011,0.00794285714285703,0.02068571428571442,0.014499999999999957,0.0189357142857145,0.019346666666666623,0.017873333333333186,-0.04420000000000002,-0.018899999999999917,45.460337484407546,47.33247944402275,0.11870000000000003,0.13144285714285717,0.021898238676725988,6,10,5,2,130,19,0.49999999999999994,-0.8660254037844387,0.7856498550787147,-0.6186714032625031,-0.7818314824680299,0.6234898018587334,1,0,0,76.39486343391468,1.0721221964088699,2.3803949078078377
2026-05-11,2026-05-11,1.4866,1.6489,geoportal_toledo,Toledo,0.0,False,OPEC,0.0,1.5021,1.6208,1.5092,1.6435,1.5165,1.6368,1.5383,1.6373,1.513,1.6447,1.5062714285714287,1.6420857142857144,1.5153071428571427,1.6411071428571429,1.5197666666666667,1.6393833333333334,0.0188903603535145,0.016903986568407366,0.019933677119801162,0.013589388636588817,0.01839644518384685,0.01276739066402112,0.019671428571428784,-0.006814285714285662,0.02870714285714282,-0.007792857142857157,0.03316666666666679,-0.009516666666666618,-0.02639999999999998,0.0041999999999999815,47.018121694150345,53.70942783928442,0.1623000000000001,0.13581428571428572,0.024817764374968004,0,11,5,2,131,20,0.49999999999999994,-0.8660254037844387,0.7748840413670407,-0.6321034111873487,0.0,1.0,0,0,0,76.83863683322828,1.0778585011233164,2.3054855799491376
2026-05-12,2026-05-12,1.5151,1.6192,geoportal_toledo,Toledo,0.0,False,OPEC,0.0,1.4866,1.6489,1.5021,1.6208,1.5092,1.6435,1.5092,1.6748,1.482,1.6325,1.5110000000000003,1.6401857142857141,1.5144,1.6392928571428573,1.5183466666666665,1.6384366666666668,0.015670566890402242,0.0188018996000818,0.019607730029839777,0.014734494550886502,0.016955107730737103,0.013183256971163638,-0.0040999999999995485,0.020985714285714163,-0.0006999999999999229,0.020092857142857357,0.00324666666666662,0.01923666666666679,0.03309999999999991,-0.01330000000000009,47.94431833239866,45.35818690240691,0.10410000000000008,0.1291857142857143,0.026388408349843608,1,12,5,2,132,20,0.49999999999999994,-0.8660254037844387,0.7638886127905428,-0.6453481132295501,0.7818314824680298,0.6234898018587336,0,0,0,81.29658577885705,1.08433227105643,2.2334717934216495
2026-05-13,2026-05-13,1.5288,1.665,geoportal_toledo,Toledo,0.0,False,OPEC,0.0,1.5151,1.6192,1.4866,1.6489,1.5021,1.6208,1.5165,1.6368,1.5383,1.6373,1.509642857142857,1.6441428571428571,1.517,1.6401142857142859,1.519596666666667,1.63954,0.013115240135408558,0.02089209237509893,0.018865393632868425,0.015864661122357557,0.01626045516887008,0.013978446462935671,-0.019157142857142873,-0.020857142857142907,-0.011800000000000033,-0.024885714285714178,-0.009203333333333008,-0.025460000000000038,-0.009500000000000064,0.027700000000000058,56.33704707913695,51.8518516180593,0.1362000000000001,0.13450000000000004,0.022797733805505045,2,13,5,2,133,20,0.49999999999999994,-0.8660254037844387,0.7526668275320084,-0.6584015846980488,0.9749279121818236,-0.22252093395631434,0,0,0,77.63851776487921,1.0804341780243012,2.146973879389603
2026-05-14,2026-05-14,1.5049,1.6261,geoportal_toledo,Toledo,0.0,False,OPEC,0.0,1.5288,1.665,1.5151,1.6192,1.4866,1.6489,1.5092,1.6435,1.5092,1.6748,1.5090285714285714,1.6371857142857142,1.51585,1.6398071428571428,1.5192400000000001,1.63952,0.013239551136108202,0.016662075558131366,0.01909215505424634,0.016106972416917234,0.016467179479193846,0.013997866832556537,0.004128571428571481,0.011085714285714143,0.010950000000000015,0.013707142857142696,0.014340000000000241,0.013419999999999987,-0.0043000000000001926,-0.048699999999999966,47.1504422442102,49.34109693816263,0.1212000000000002,0.1281571428571429,0.018468338414961,3,14,5,2,134,20,0.49999999999999994,-0.8660254037844387,0.741222010848596,-0.6712599575675313,0.43388373911755823,-0.900968867902419,0,0,0,77.27045204035598,1.0793033339356335,2.1562579671557445
2026-05-15,2026-05-15,1.5276,1.633,geoportal_toledo,Toledo,0.0,False,OPEC,0.0,1.5049,1.6261,1.5288,1.665,1.5151,1.6192,1.5021,1.6208,1.5165,1.6368,1.510614285714286,1.636642857142857,1.51525,1.6388857142857145,1.5190133333333333,1.6390833333333332,0.014850300622254555,0.01673846440018633,0.018534033144876647,0.016100590392553543,0.01629723338766236,0.013989850590343984,-0.01698571428571416,0.003642857142857059,-0.012350000000000083,0.005885714285714494,-0.008586666666666742,0.0060833333333332185,0.01110000000000011,-0.0038000000000000256,48.55272202627909,47.96978260258832,0.10539999999999994,0.12602857142857146,0.02029332519867182,4,15,5,2,135,20,0.49999999999999994,-0.8660254037844387,0.7295575540864875,-0.6839194216246106,-0.433883739117558,-0.9009688679024191,0,0,0,79.09677285715927,1.0724784556794875,2.3651960579835607
2026-05-16,2026-05-16,1.5469,1.6506,geoportal_toledo,Toledo,0.0,False,OPEC,0.0,1.5276,1.633,1.5049,1.6261,1.5288,1.665,1.4866,1.6489,1.5092,1.6435,1.5159999999999998,1.6376571428571427,1.5161785714285714,1.6409214285714289,1.5199833333333332,1.63992,0.020144478151590026,0.017424298851784797,0.01982124650941033,0.015609226983830245,0.01707020156908463,0.013899749439564573,-0.03090000000000015,-0.012942857142857367,-0.030721428571428566,-0.009678571428571203,-0.0269166666666667,-0.010680000000000023,0.037699999999999845,0.007100000000000106,52.114508545997666,54.57463859902249,0.10370000000000013,0.12165714285714294,0.02147594446063295,5,16,5,2,136,20,0.49999999999999994,-0.8660254037844387,0.717676913675962,-0.6963762255968722,-0.9749279121818236,-0.2225209339563146,1,0,0,79.64154832478215,1.0802133480543077,2.3562646347628737
2026-05-17,2026-05-17,1.5232,1.6704,geoportal_toledo,Toledo,0.0,False,OPEC,0.0,1.5469,1.6506,1.5276,1.633,1.5049,1.6261,1.5151,1.6192,1.5021,1.6208,1.5190142857142859,1.6447428571428573,1.5145285714285712,1.6431142857142855,1.52027,1.64061,0.019277917295132622,0.01939981590487396,0.017998608004784526,0.017469967951302526,0.01704887800939683,0.01488112319638956,-0.004185714285714237,-0.025657142857142823,-0.008671428571428885,-0.02728571428571458,-0.002930000000000099,-0.029790000000000205,0.02110000000000012,0.04960000000000009,46.37590189856837,54.893209828337625,0.1472,0.1257285714285715,0.023434142775425947,6,17,5,2,137,20,0.49999999999999994,-0.8660254037844387,0.705583610107178,-0.7086266782644596,-0.7818314824680299,0.6234898018587334,1,0,0,76.37555543470324,1.0848751502182135,2.5086619834911694
2026-05-18,2026-05-18,1.4961,1.6204,geoportal_toledo,Toledo,0.0,False,OPEC,0.0,1.5232,1.6704,1.5469,1.6506,1.5276,1.633,1.5288,1.665,1.4866,1.6489,1.5203714285714285,1.6406714285714286,1.5133214285714285,1.6413785714285716,1.5194066666666664,1.6398833333333334,0.016789452471286485,0.021281346627641844,0.018663464043684325,0.018478352347930552,0.017604954892915574,0.01532640460645734,0.0242714285714285,0.020271428571428496,0.0172214285714285,0.020978571428571513,0.023306666666666365,0.019483333333333297,0.009500000000000064,-0.02849999999999997,47.29599978811393,46.61276814815201,0.12430000000000008,0.12030000000000007,0.01709405354696965,0,18,5,2,138,21,0.49999999999999994,-0.8660254037844387,0.6932812268869777,-0.7206671495538609,0.0,1.0,0,0,0,77.26910229331514,1.0726282456152765,2.3116060494906563
2026-05-19,2026-05-19,1.5143,1.6237,geoportal_toledo,Toledo,0.0,False,OPEC,0.0,1.4961,1.6204,1.5232,1.6704,1.5469,1.6506,1.5049,1.6261,1.5151,1.6192,1.5202571428571428,1.6413142857142857,1.5156285714285713,1.6407500000000002,1.5191133333333333,1.63845,0.01683397924267257,0.020581093959543547,0.01634632061970515,0.018947325770301254,0.017614604703215936,0.014731148092998369,0.005957142857142772,0.017614285714285804,0.0013285714285713457,0.01705000000000023,0.004813333333333336,0.01475000000000004,-0.0007999999999999119,0.0044999999999999485,55.388721796649286,48.74213816969983,0.10939999999999994,0.1210571428571429,0.01635846948248899,1,19,5,2,139,21,0.49999999999999994,-0.8660254037844387,0.6807734094770161,-0.7324940716135789,0.7818314824680298,0.6234898018587336,0,0,0,76.14830486004344,1.077637062804938,2.3030073341374977
2026-05-20,2026-05-20,1.4994,1.613,geoportal_toledo,Toledo,0.0,False,OPEC,0.0,1.5143,1.6237,1.4961,1.6204,1.5232,1.6704,1.5276,1.633,1.5288,1.665,1.516057142857143,1.6338857142857144,1.51285,1.6390142857142858,1.5178666666666665,1.6380733333333333,0.017976174708283936,0.019982861704592427,0.015479303800683514,0.020348874742758625,0.017643135489051744,0.015241072759175895,0.016657142857142926,0.020885714285714396,0.013449999999999962,0.026014285714285768,0.01846666666666641,0.02507333333333328,-0.02939999999999987,-0.052000000000000046,42.46999589834304,46.58419998533068,0.11359999999999992,0.11782857142857146,0.015049553070408665,2,20,5,2,140,21,0.49999999999999994,-0.8660254037844387,0.6680638642135335,-0.7441039398713607,0.9749279121818236,-0.22252093395631434,0,0,0,73.23131485279416,1.0796558838508574,2.2825480427132643
2026-05-21,2026-05-21,1.518,1.6476,geoportal_toledo,Toledo,0.0,False,OPEC,0.0,1.4994,1.613,1.5143,1.6237,1.4961,1.6204,1.5469,1.6506,1.5049,1.6261,1.5179285714285713,1.636957142857143,1.5134785714285715,1.6370714285714285,1.51724,1.6382633333333334,0.017289853892353452,0.020237412313410332,0.015498346242865498,0.01780935055056059,0.017277543727085676,0.015325716123971577,-7.142857142872217e-05,-0.010642857142856954,-0.004521428571428565,-0.010528571428571443,-0.0007600000000000939,-0.009336666666666549,0.013100000000000112,0.021499999999999853,51.775625211921394,46.145124533437695,0.12959999999999994,0.11902857142857141,0.015684675566266796,3,21,5,2,141,21,0.49999999999999994,-0.8660254037844387,0.6551563572090853,-0.7554933140726803,0.43388373911755823,-0.900968867902419,0,0,0,77.63151732042637,1.0769217133214208,2.2566803767219508
2026-05-22,2026-05-22,1.5064,1.6491,geoportal_toledo,Toledo,0.0,False,OPEC,0.0,1.518,1.6476,1.4994,1.613,1.5143,1.6237,1.5232,1.6704,1.5276,1.633,1.5149000000000001,1.639257142857143,1.512757142857143,1.63795,1.5173466666666664,1.6382066666666666,0.017169740825064707,0.020623922771294344,0.015581730637844404,0.01809601528598356,0.017197568660019084,0.015280840682172616,0.008500000000000174,-0.009842857142857042,0.00635714285714295,-0.011149999999999993,0.010946666666666438,-0.010893333333333421,-0.021200000000000108,0.016100000000000003,47.99682638954559,51.944356393543785,0.14270000000000005,0.12435714285714286,0.016592654714547343,4,22,5,2,142,21,0.49999999999999994,-0.8660254037844387,0.6420547132365637,-0.766658819300159,-0.433883739117558,-0.9009688679024191,0,0,0,73.12510354114958,1.0787252162787169,2.26957244921546
2026-05-23,2026-05-23,1.4962,1.6595,geoportal_toledo,Toledo,0.0,False,OPEC,0.0,1.5064,1.6491,1.518,1.6476,1.4994,1.613,1.4961,1.6204,1.5469,1.6506,1.507657142857143,1.6405285714285716,1.5118285714285713,1.6390928571428571,1.51579,1.6388966666666667,0.011009671073323707,0.02168668672140831,0.016185674034653503,0.01895819142159394,0.01691606765260654,0.015768136428782567,0.011457142857143054,-0.018971428571428417,0.015628571428571325,-0.020407142857142846,0.019589999999999996,-0.020603333333333307,-0.05069999999999997,0.008899999999999908,47.45098013164166,52.499999770312506,0.1633,0.13287142857142856,0.01929712537190578,5,23,5,2,143,21,0.49999999999999994,-0.8660254037844387,0.6287628145958344,-0.777597146973627,-0.9749279121818236,-0.2225209339563146,1,0,0,78.07949449718375,1.0800151769203978,2.273027807393273
2026-05-24,2026-05-24,1.535,1.6286,geoportal_toledo,Toledo,0.0,False,OPEC,0.0,1.4962,1.6595,1.5064,1.6491,1.518,1.6476,1.5143,1.6237,1.5232,1.6704,1.509342857142857,1.6345571428571428,1.5141785714285714,1.6396499999999998,1.51638,1.6390966666666666,0.014221094325312633,0.01742726380731149,0.017030839835266768,0.018488031471524512,0.017275404082303627,0.01559136550020035,-0.025657142857142823,0.005957142857142772,-0.020821428571428546,0.011049999999999782,-0.01861999999999986,0.010496666666666599,0.01179999999999981,-0.04180000000000006,55.73770464585703,51.188299598831144,0.09360000000000013,0.12521428571428572,0.02295208259043381,6,24,5,2,144,21,0.49999999999999994,-0.8660254037844387,0.6152845999633276,-0.7883050558305255,-0.7818314824680299,0.6234898018587334,1,0,0,78.14724223073257,1.079813330311313,2.2235438358017086
2026-05-25,2026-05-25,1.5123,1.6321,geoportal_toledo,Toledo,0.0,False,OPEC,0.0,1.535,1.6286,1.4962,1.6595,1.5064,1.6491,1.4994,1.613,1.4961,1.6204,1.5116571428571428,1.6362285714285714,1.5160142857142858,1.6384500000000002,1.5157933333333333,1.6392266666666666,0.01296994694705533,0.01637230530354512,0.015105824507981385,0.018386397564079636,0.01709837526730491,0.015513440965002921,-0.0006428571428571672,0.004128571428571259,0.003714285714285781,0.006350000000000078,0.0034933333333333483,0.0071266666666665035,0.016199999999999992,0.011700000000000044,54.37223519523264,47.23320136321976,0.11980000000000013,0.12457142857142858,0.023044790755231002,0,25,5,2,145,22,0.49999999999999994,-0.8660254037844387,0.6016240632249226,-0.7987793728863649,0.0,1.0,0,0,0,78.05880900704123,1.0786499194078507,2.3310790974501883
2026-05-26,2026-05-26,1.5183,1.6592,geoportal_toledo,Toledo,0.0,False,OPEC,0.0,1.5123,1.6321,1.535,1.6286,1.4962,1.6595,1.518,1.6476,1.5143,1.6237,1.5122285714285713,1.6413,1.516242857142857,1.6413071428571426,1.5153833333333333,1.64009,0.013192006959479348,0.01731569615503402,0.015115133236172579,0.018272487274822686,0.01687712353603388,0.01588838981880797,-0.0060714285714287275,-0.017900000000000027,-0.0020571428571429795,-0.017892857142857377,-0.0029166666666666785,-0.01910999999999996,0.0040000000000000036,0.03550000000000009,50.589535479641334,56.64451800896238,0.14090000000000003,0.1290714285714286,0.022660811568705575,1,26,5,2,146,22,0.49999999999999994,-0.8660254037844387,0.5877852522924732,-0.8090169943749473,0.7818314824680298,0.6234898018587336,0,0,0,75.56689383858226,1.0761839500141486,2.261663973712897
2026-05-27,2026-05-27,1.4978,1.6066,geoportal_toledo,Toledo,0.0,False,OPEC,0.0,1.5183,1.6592,1.5123,1.6321,1.535,1.6286,1.5064,1.6491,1.4994,1.613,1.512,1.6403857142857146,1.5140285714285715,1.6371357142857141,1.5151533333333334,1.63932,0.01346241682115702,0.0191326447528359,0.015402019276776686,0.019095130556997866,0.017073608053191233,0.01693458815153138,0.01419999999999999,0.03378571428571453,0.01622857142857148,0.03053571428571411,0.01735333333333333,0.03272000000000008,-0.0016000000000000458,-0.006399999999999961,44.42846850395452,40.51332015361062,0.10880000000000001,0.12838571428571433,0.02327140080094222,2,27,5,2,147,22,0.49999999999999994,-0.8660254037844387,0.5737722679043246,-0.8190148866680801,0.9749279121818236,-0.22252093395631434,0,0,0,77.96147691323326,1.0785026785702059,2.4398287336703213
2026-05-28,2026-05-28,1.4853,1.6281,geoportal_toledo,Toledo,0.0,False,OPEC,0.0,1.4978,1.6066,1.5183,1.6592,1.5123,1.6321,1.4962,1.6595,1.518,1.6476,1.5073285714285716,1.6376000000000002,1.5126285714285714,1.6372785714285716,1.5137366666666667,1.63877,0.016388788269799056,0.01932580313122283,0.017093517825431902,0.019013524683206506,0.01773833727256793,0.017024893538578095,0.02202857142857151,0.009500000000000064,0.02732857142857137,0.00917857142857148,0.028436666666666666,0.010669999999999957,-0.03269999999999995,-0.01949999999999985,46.32683633861483,50.34435237437295,0.14280000000000004,0.13027142857142862,0.023912180598021172,3,28,5,2,148,22,0.49999999999999994,-0.8660254037844387,0.5595892624101765,-0.8287700871745038,0.43388373911755823,-0.900968867902419,0,0,1,77.10431192475747,1.0791244389841859,2.407701995498171
2026-05-29,2026-05-29,1.5321,1.6161,geoportal_toledo,Toledo,0.0,False,OPEC,0.0,1.4853,1.6281,1.4978,1.6066,1.5183,1.6592,1.535,1.6286,1.5064,1.6491,1.511,1.6328857142857143,1.51295,1.6360714285714286,1.5150599999999999,1.6375233333333334,0.01884126676561959,0.02006385045892731,0.017435584744556774,0.019825214270693458,0.017571756334801267,0.017276547454683797,-0.02110000000000012,0.01678571428571418,-0.01915,0.01997142857142853,-0.017040000000000166,0.02142333333333335,0.025700000000000056,-0.03299999999999992,50.773461426322285,47.140439708979315,0.08400000000000007,0.12188571428571435,0.028650446684791712,4,29,5,2,149,22,0.49999999999999994,-0.8660254037844387,0.545240438540651,-0.8382797052177744,-0.433883739117558,-0.9009688679024191,0,0,1,79.2533871362044,1.0825712411783113,2.4144577077160183
2026-05-30,2026-05-30,1.5333,1.6484,geoportal_toledo,Toledo,0.0,False,OPEC,0.0,1.5321,1.6161,1.4853,1.6281,1.4978,1.6066,1.5123,1.6321,1.4962,1.6595,1.5163,1.6313,1.5119785714285714,1.6359142857142857,1.51547,1.6381233333333334,0.019198871494610137,0.017935625627971994,0.01569003498409761,0.019709578192525067,0.01785632603057861,0.017333099357392828,-0.017000000000000126,-0.017100000000000115,-0.021321428571428713,-0.012485714285714433,-0.017830000000000013,-0.010276666666666712,0.03710000000000013,-0.011099999999999888,47.5073311344932,49.64538984686156,0.11509999999999998,0.11500000000000006,0.022076005073382202,5,30,5,2,150,22,0.49999999999999994,-0.8660254037844387,0.5307300481619334,-0.8475409228928311,-0.9749279121818236,-0.2225209339563146,1,0,1,78.61873397122918,1.07539840201285,2.4554009463028397
2026-05-31,2026-05-31,1.504,1.6558,geoportal_toledo,Toledo,0.0,False,OPEC,0.0,1.5333,1.6484,1.5321,1.6161,1.4853,1.6281,1.5183,1.6592,1.535,1.6286,1.5118714285714285,1.6351857142857145,1.510607142857143,1.6348714285714283,1.5144033333333333,1.6384533333333333,0.01768188473039435,0.020072321620535183,0.015471336488722148,0.01806192035838819,0.01754064213296519,0.017578763310885898,0.00787142857142853,-0.020614285714285474,0.0066071428571430335,-0.02092857142857163,0.01040333333333332,-0.01734666666666662,-0.030999999999999917,0.02719999999999989,46.551723903834706,47.54869017270593,0.15179999999999993,0.12331428571428574,0.02358137885220936,6,31,5,2,151,22,0.49999999999999994,-0.8660254037844387,0.5160623910158528,-0.8565509959010036,-0.7818314824680299,0.6234898018587334,1,0,1,76.48366905950819,1.0881404385279094,2.2498197112384593
2026-06-01,2026-06-01,1.5244,1.6266,geoportal_toledo,Toledo,0.0,False,OPEC,0.0,1.504,1.6558,1.5333,1.6484,1.5321,1.6161,1.4978,1.6066,1.5123,1.6321,1.5136,1.6344,1.5126285714285714,1.6353142857142857,1.5140866666666666,1.6386033333333334,0.01831101672035803,0.02031936678803681,0.015277657319982672,0.017753173373652207,0.017260034229663816,0.01745315865757127,-0.01079999999999992,0.007800000000000029,-0.011771428571428544,0.008714285714285674,-0.010313333333333397,0.012003333333333366,0.0121,-0.00550000000000006,55.20794966031972,51.119133315643374,0.10220000000000007,0.12080000000000002,0.02491886835311743,0,1,6,2,152,23,1.2246467991473532e-16,-1.0,0.5012418134457758,-0.865307254363206,0.0,1.0,0,1,0,74.56433306698996,1.0858600246795913,2.48097122401575
2026-06-02,2026-06-02,1.5089,1.628,geoportal_toledo,Toledo,0.0,False,OPEC,0.0,1.5244,1.6266,1.504,1.6558,1.5333,1.6484,1.4853,1.6281,1.5183,1.6592,1.5122571428571427,1.6299428571428574,1.5122428571428572,1.6356214285714283,1.51284,1.6382133333333333,0.018253479772619464,0.017146997515880655,0.015300362704887329,0.01757306411578157,0.01616928975046371,0.017558213194247038,0.0033571428571428363,0.0019428571428574681,0.003342857142857314,0.007621428571428446,0.003940000000000055,0.010213333333333408,-0.009400000000000075,-0.031200000000000117,48.996282272881786,50.78153372921065,0.11909999999999998,0.1176857142857143,0.02329767002452016,1,2,6,2,153,23,1.2246467991473532e-16,-1.0,0.48627270710869,-0.8738071036110808,0.7818314824680298,0.6234898018587336,0,1,0,75.42955302756889,1.0792479788868194,2.291399604301923
2026-06-03,2026-06-03,1.5039,1.6001,geoportal_toledo,Toledo,0.0,False,OPEC,0.0,1.5089,1.628,1.5244,1.6266,1.504,1.6558,1.5321,1.6161,1.4978,1.6066,1.5131285714285714,1.6290142857142857,1.5125642857142856,1.6347,1.5125366666666666,1.6367266666666669,0.01758149730878881,0.018725154967890623,0.015055109387889747,0.019120508522359875,0.0162513338090964,0.018831996494103866,0.009228571428571364,0.02891428571428567,0.008664285714285569,0.034599999999999964,0.008636666666666626,0.03662666666666681,0.006099999999999994,-0.00649999999999995,50.86839030792841,47.79336275432534,0.09620000000000006,0.1158857142857143,0.024551607453920904,2,3,6,2,154,23,1.2246467991473532e-16,-1.0,0.4711595076738638,-0.8820480249558537,0.9749279121818236,-0.22252093395631434,0,1,0,77.85391723379941,1.0782304631670547,2.2151511050184216
2026-06-04,2026-06-04,1.4934,1.604,geoportal_toledo,Toledo,0.0,False,OPEC,0.0,1.5039,1.6001,1.5089,1.628,1.5244,1.6266,1.5333,1.6484,1.4853,1.6281,1.5142857142857142,1.6255714285714284,1.5108071428571428,1.6315857142857142,1.5129166666666665,1.6357766666666669,0.015599511591862656,0.02099878681303105,0.015789551768652512,0.020367804803838707,0.01563424806774046,0.019749093097173757,0.020885714285714174,0.021571428571428353,0.017407142857142732,0.027585714285714102,0.019516666666666405,0.031776666666666786,0.008099999999999996,-0.02410000000000001,45.09960134207394,41.66666644367992,0.11060000000000003,0.11128571428571431,0.02149468372810875,3,4,6,2,155,23,1.2246467991473532e-16,-1.0,0.4559066935084588,-0.8900275764346767,0.43388373911755823,-0.900968867902419,0,0,0,76.12785027645253,1.0771719910944935,2.277952248127093
2026-06-05,2026-06-05,1.5253,1.6556,geoportal_toledo,Toledo,0.02,True,OPEC,-0.3,1.4934,1.604,1.5039,1.6001,1.5089,1.628,1.504,1.6558,1.5321,1.6161,1.5133142857142856,1.631214285714286,1.512157142857143,1.63205,1.5124833333333332,1.6363866666666667,0.014476582074900442,0.023219275654181328,0.016186733137675994,0.02086575221228356,0.015076656615861845,0.02007765498968877,-0.011985714285714488,-0.02438571428571401,-0.013142857142857123,-0.02354999999999996,-0.01281666666666692,-0.019213333333333305,-0.006799999999999917,0.03949999999999987,53.48322862190743,51.04266900397903,0.13029999999999986,0.11789999999999999,0.018632051237942895,4,5,6,2,156,23,1.2246467991473532e-16,-1.0,0.440518784350495,-0.8977433935342337,-0.433883739117558,-0.9009688679024191,0,0,0,74.94217685684534,1.0782624005617873,2.358623484726065
2026-06-06,2026-06-06,1.5237,1.6482,geoportal_toledo,Toledo,0.0,False,Inventory,0.0,1.5253,1.6556,1.4934,1.604,1.5039,1.6001,1.5244,1.6266,1.5333,1.6484,1.511942857142857,1.6311857142857142,1.5141214285714286,1.6312428571428572,1.5129666666666668,1.6355000000000002,0.01260090699683014,0.02319471409405294,0.015764428242159637,0.01991932630485692,0.015199689954489599,0.01887402886288875,-0.011757142857143021,-0.01701428571428587,-0.009578571428571436,-0.016957142857142893,-0.010733333333333261,-0.012699999999999934,-0.009600000000000053,-0.00019999999999997797,55.23410705242579,48.16974386965457,0.12450000000000006,0.11924285714285714,0.018735070246541738,5,6,6,2,157,23,1.2246467991473532e-16,-1.0,0.42500033996955416,-0.9051931898913974,-0.9749279121818236,-0.2225209339563146,1,0,0,75.5925773588874,1.0811232538498556,2.3855322219256996
2026-06-07,2026-06-07,1.5224,1.6548,geoportal_toledo,Toledo,0.0,False,Inventory,0.0,1.5237,1.6482,1.5253,1.6556,1.4934,1.604,1.5089,1.628,1.504,1.6558,1.5145714285714287,1.631042857142857,1.5132214285714287,1.6331142857142857,1.5131633333333334,1.6361,0.012586992530079425,0.02302027057058527,0.014811647109956935,0.02086044682546467,0.015284914432059184,0.019200071838943882,-0.007828571428571296,-0.023757142857143032,-0.009178571428571258,-0.021685714285714308,-0.00923666666666656,-0.01869999999999994,0.018399999999999972,-0.0009999999999998899,47.20248638506448,54.60618819814115,0.13240000000000007,0.11647142857142859,0.013936727770620258,6,7,6,2,158,23,1.2246467991473532e-16,-1.0,0.4093559588156213,-0.9123747579707273,-0.7818314824680299,0.6234898018587334,1,0,0,75.96628923347832,1.084407163115135,2.384663584107022
2026-06-08,2026-06-08,1.4711,1.6047,geoportal_toledo,Toledo,0.0,False,Inventory,0.0,1.5224,1.6548,1.5237,1.6482,1.5253,1.6556,1.5039,1.6001,1.5244,1.6266,1.5069571428571429,1.6279142857142854,1.5102785714285716,1.631157142857143,1.5118933333333333,1.6348066666666665,0.01973962657049983,0.025117353136258506,0.018613732671231124,0.022204944504307267,0.017100573358673325,0.019975552874541284,0.03585714285714281,0.02321428571428541,0.03917857142857151,0.026457142857142957,0.04079333333333324,0.030106666666666504,-0.0532999999999999,-0.02190000000000003,41.883372503401425,45.86102699635818,0.13359999999999994,0.12095714285714286,0.013627528162125433,0,8,6,2,159,24,1.2246467991473532e-16,-1.0,0.39359027665646673,-0.9192859697186104,0.0,1.0,0,0,0,73.65003559305121,1.078604825896799,2.4033381055537557
2026-06-09,2026-06-09,1.4977,1.6082,geoportal_toledo,Toledo,0.0,False,Inventory,0.0,1.4711,1.6047,1.5224,1.6548,1.5237,1.6482,1.4934,1.604,1.5089,1.628,1.505357142857143,1.625085714285714,1.5088071428571428,1.6275142857142857,1.5117466666666668,1.6343866666666669,0.020007986500631597,0.02619773708875454,0.01874461827527387,0.02142000707974959,0.01720600803916014,0.02040798919512704,0.007657142857143029,0.01688571428571395,0.01110714285714276,0.019314285714285617,0.014046666666666763,0.026186666666666802,-0.011199999999999877,-0.019799999999999818,46.24635544918041,41.70461919848254,0.11050000000000004,0.11972857142857143,0.014198557941532132,1,9,6,2,160,24,1.2246467991473532e-16,-1.0,0.3777079652039649,-0.9259247771938498,0.7818314824680298,0.6234898018587336,0,0,0,78.15875598079275,1.0789095055805655,2.4715661030272735
2026-06-10,2026-06-10,1.5062,1.6103,geoportal_toledo,Toledo,0.0,False,Inventory,0.0,1.4977,1.6082,1.4711,1.6047,1.5224,1.6548,1.5253,1.6556,1.5039,1.6001,1.5056857142857143,1.626542857142857,1.5094071428571427,1.6277785714285715,1.5124,1.6331,0.01999895235351158,0.024824037889572655,0.018498002565172117,0.021163400140202515,0.01657892305474451,0.020676456709718943,-0.0005142857142856894,0.016242857142857003,0.003207142857142742,0.017478571428571454,0.006199999999999983,0.02279999999999993,0.0022999999999999687,0.010199999999999987,51.60060948078942,50.72012428568247,0.10410000000000008,0.12085714285714287,0.012188362912064455,2,10,6,2,161,24,1.2246467991473532e-16,-1.0,0.36171373072976765,-0.9322892131745133,0.9749279121818236,-0.22252093395631434,0,0,0,75.73673089623968,1.085006934747352,2.0712367245722967
2026-06-11,2026-06-11,1.5055,1.6404,geoportal_toledo,Toledo,0.0,False,Inventory,0.0,1.5062,1.6103,1.4977,1.6082,1.4711,1.6047,1.5237,1.6482,1.4934,1.604,1.5074142857142856,1.6317428571428572,1.51085,1.628657142857143,1.51208,1.6338066666666669,0.01926970234776222,0.023064970347758035,0.017216394244127946,0.021431382965734876,0.016617614252600815,0.02054688387034699,0.0019142857142855352,-0.008657142857142919,0.005349999999999966,-0.011742857142857055,0.00658000000000003,-0.006593333333333229,0.0121,0.03639999999999999,54.03032691283936,52.31638390492302,0.13490000000000002,0.12432857142857144,0.012240467622564354,3,11,6,2,162,24,1.2246467991473532e-16,-1.0,0.3456123126707335,-0.9383773917408641,0.43388373911755823,-0.900968867902419,0,0,0,73.83642446495575,1.082962047557512,2.386512379034177
2026-06-12,2026-06-12,1.4906,1.65,geoportal_toledo,Toledo,0.0,False,Inventory,0.0,1.5055,1.6404,1.5062,1.6103,1.4977,1.6082,1.5224,1.6548,1.5253,1.6556,1.502457142857143,1.6309428571428572,1.5078857142857145,1.6310785714285714,1.5108066666666666,1.6333066666666667,0.01834274217438967,0.02217970973231213,0.0168448511714717,0.021815138659313643,0.016755234556920844,0.019935031258171722,0.01185714285714301,-0.01905714285714266,0.01728571428571457,-0.018921428571428534,0.020206666666666706,-0.016693333333333227,-0.034700000000000175,-0.005600000000000049,40.512116795990096,56.44241703147326,0.1594,0.12848571428571431,0.018130768376016532,4,12,6,2,163,24,1.2246467991473532e-16,-1.0,0.3294084822245304,-0.9441875088341993,-0.433883739117558,-0.9009688679024191,0,0,0,76.44526094654988,1.0803671861214301,2.456580265178493
2026-06-13,2026-06-13,1.5202,1.6487,geoportal_toledo,Toledo,0.0,False,Inventory,0.0,1.4906,1.65,1.5055,1.6404,1.5062,1.6103,1.4711,1.6047,1.5237,1.6482,1.5019571428571428,1.6310142857142857,1.50695,1.6311,1.5113166666666666,1.63406,0.01770375262882992,0.02224525631615706,0.015645680160745034,0.021833601485919805,0.016802033607075592,0.02007979942199379,-0.018242857142857227,-0.017685714285714305,-0.013249999999999984,-0.01760000000000006,-0.008883333333333354,-0.014639999999999986,-0.0035000000000000586,0.0004999999999999449,47.349251046989245,50.06462701382818,0.12850000000000006,0.1290571428571429,0.018047054897577883,5,13,6,2,164,24,1.2246467991473532e-16,-1.0,0.3131070409358269,-0.9497178427914316,-0.9749279121818236,-0.2225209339563146,1,0,0,78.2544735573678,1.0697014116060488,2.342469542723883
2026-06-14,2026-06-14,1.5282,1.6238,geoportal_toledo,Toledo,0.0,False,Inventory,0.0,1.5202,1.6487,1.4906,1.65,1.5055,1.6404,1.4977,1.6082,1.5224,1.6548,1.5027857142857142,1.6265857142857143,1.5086785714285715,1.6288142857142858,1.5113366666666666,1.6337533333333336,0.018914318083699748,0.019655824291326732,0.016602278739398287,0.02069417819070924,0.016822429266807624,0.020166611760158756,-0.025414285714285834,0.0027857142857143913,-0.019521428571428467,0.00501428571428586,-0.016863333333333452,0.009953333333333703,0.005800000000000027,-0.03100000000000014,55.35872419175281,43.58974334524981,0.09559999999999991,0.12380000000000001,0.02186671747961575,6,14,6,2,165,24,1.2246467991473532e-16,-1.0,0.29671281927349075,-0.9549667548552551,-0.7818314824680299,0.6234898018587334,1,0,0,75.2737815378682,1.0835445775218753,2.307047176888501
2026-06-15,2026-06-15,1.4751,1.6419,geoportal_toledo,Toledo,-0.015,True,Inventory,0.2,1.5282,1.6238,1.5202,1.6487,1.4906,1.65,1.5062,1.6103,1.4711,1.6047,1.5033571428571428,1.6319000000000001,1.5051571428571429,1.6299071428571428,1.5089433333333333,1.6334633333333335,0.017826652063959322,0.017682194433952466,0.018165932370817855,0.020970399074944857,0.016695377913605917,0.0199776682794808,0.02825714285714276,-0.009999999999999787,0.030057142857142782,-0.011992857142857138,0.033843333333333225,-0.008436666666666426,0.0040000000000000036,0.0371999999999999,40.46421641528086,53.20754685748189,0.16679999999999984,0.12854285714285713,0.0272776377974619,0,15,6,2,166,25,1.2246467991473532e-16,-1.0,0.2802306751992159,-0.9599326896597447,0.0,1.0,0,0,0,76.59627507735624,1.0824551465086312,2.27435360447101
2026-06-16,2026-06-16,1.5039,1.6271,geoportal_toledo,Toledo,0.0,False,Fiscal,0.0,1.4751,1.6419,1.5282,1.6238,1.5202,1.6487,1.5055,1.6404,1.4977,1.6082,1.5042428571428572,1.6346000000000003,1.5048,1.6298428571428574,1.5083,1.63202,0.017651898589371683,0.014641721210298648,0.01813581242480531,0.020978073325245372,0.016497753243060808,0.01874307964243534,0.00034285714285720026,0.007500000000000284,0.0008999999999999009,0.00274285714285738,0.0043999999999999595,0.0049200000000000355,0.006199999999999983,0.018899999999999917,49.080205781043844,49.82135740472451,0.12319999999999998,0.13035714285714284,0.02628173365304357,1,16,6,2,167,25,1.2246467991473532e-16,-1.0,0.26366549272800704,-0.9646141756912435,0.7818314824680298,0.6234898018587336,0,0,0,73.84943383082228,1.0822278390714408,2.3587532386443004
2026-06-17,2026-06-17,1.4861,1.64,geoportal_toledo,Toledo,0.0,False,Fiscal,0.0,1.5039,1.6271,1.4751,1.6419,1.5282,1.6238,1.4906,1.65,1.5062,1.6103,1.5013714285714284,1.638842857142857,1.5035285714285715,1.6326928571428572,1.507966666666667,1.6326733333333334,0.018873059660593685,0.009991138931222117,0.018814987012054266,0.01926704896511077,0.016850014495712,0.018665511869039347,0.01527142857142838,-0.0011571428571428566,0.01742857142857157,-0.007307142857142734,0.021866666666666923,-0.0073266666666664815,-0.020100000000000007,0.029699999999999838,46.87280370477186,58.42127445424319,0.15389999999999993,0.13747142857142852,0.024681012559301163,2,17,6,2,168,25,1.2246467991473532e-16,-1.0,0.24702218048093552,-0.9690098257244062,0.9749279121818236,-0.22252093395631434,0,0,0,75.07020009508307,1.0890547880499548,2.152494646947369
2026-06-18,2026-06-18,1.5031,1.6512,geoportal_toledo,Toledo,0.0,False,Fiscal,0.0,1.4861,1.64,1.5039,1.6271,1.4751,1.6419,1.5202,1.6487,1.5055,1.6404,1.5010285714285716,1.6403857142857141,1.5042214285714286,1.6360642857142857,1.5075933333333331,1.63359,0.018807242779108526,0.011049499019030679,0.018590575717135224,0.01794425586869252,0.016828914635711022,0.01888362454249671,-0.002071428571428502,-0.010814285714285887,0.0011214285714284955,-0.015135714285714252,0.004493333333333016,-0.017609999999999904,-0.0023999999999999577,0.01079999999999992,51.66609387724999,59.66420932215441,0.1480999999999999,0.1393571428571428,0.02495454916061448,3,18,6,2,169,25,1.2246467991473532e-16,-1.0,0.23030567023061221,-0.9731183372332619,0.43388373911755823,-0.900968867902419,0,0,0,74.425856690335,1.081964142893428,2.3481862726926948
2026-06-19,2026-06-19,1.4941,1.6325,geoportal_toledo,Toledo,0.0,False,Fiscal,0.0,1.5031,1.6512,1.4861,1.64,1.5039,1.6271,1.5282,1.6238,1.4906,1.65,1.5015285714285713,1.6378857142857142,1.5019928571428571,1.6344142857142858,1.5074166666666668,1.63424,0.01852824099275647,0.01047654977739411,0.017719023427063663,0.017049469071035304,0.016945309254985077,0.018481782269629297,0.00742857142857134,0.005385714285714105,0.007892857142857146,0.0019142857142857572,0.013316666666666865,0.0017399999999998528,0.0035000000000000586,-0.01749999999999985,44.18344495951966,44.53383784975215,0.13840000000000008,0.13635714285714282,0.023354432637285885,4,19,6,2,170,25,1.2246467991473532e-16,-1.0,0.21352091543979612,-0.9769384927771817,-0.433883739117558,-0.9009688679024191,0,0,0,73.95984959434789,1.0858470823352713,2.1689139863212388
2026-06-20,2026-06-20,1.5107,1.6417,geoportal_toledo,Toledo,0.0,False,Fiscal,0.0,1.4941,1.6325,1.5031,1.6512,1.4861,1.64,1.4751,1.6419,1.5202,1.6487,1.5001714285714287,1.6368857142857143,1.5010642857142857,1.6339500000000002,1.5071733333333335,1.6340433333333333,0.017235497699583015,0.009566857472800517,0.016811333500528044,0.016730706454341188,0.016840180466992493,0.01836574178366566,-0.01052857142857122,-0.00481428571428566,-0.009635714285714192,-0.007749999999999702,-0.003526666666666456,-0.007656666666666645,-0.009500000000000064,-0.007000000000000117,47.70480202405816,48.47489409730239,0.131,0.13671428571428565,0.023233053219599925,5,20,6,2,171,25,1.2246467991473532e-16,-1.0,0.19667288979357647,-0.980469160361632,-0.9749279121818236,-0.2225209339563146,1,0,0,78.47590869090156,1.0839585948545072,2.2434124423942396
2026-06-21,2026-06-21,1.5098,1.6251,geoportal_toledo,Toledo,0.0,False,Fiscal,0.0,1.5107,1.6417,1.4941,1.6325,1.5031,1.6512,1.5039,1.6271,1.5282,1.6238,1.4975428571428573,1.6370714285714283,1.5001642857142856,1.6318285714285714,1.5072866666666667,1.6332433333333334,0.013172680965144562,0.009278777628859971,0.015893472639027576,0.01573704246338265,0.01684623632034395,0.01820931333010496,-0.012257142857142744,0.0119714285714283,-0.009635714285714414,0.006728571428571417,-0.0025133333333333674,0.008143333333333391,-0.018399999999999972,0.0013000000000000789,47.77227699122636,43.34379174952347,0.11529999999999996,0.1395285714285714,0.018034200313636898,6,21,6,2,172,25,1.2246467991473532e-16,-1.0,0.1797665857255624,-0.9837092937736097,-0.7818314824680299,0.6234898018587334,1,0,0,77.68065288094247,1.0870396837193894,2.3072096802165922
2026-06-22,2026-06-22,1.5265,1.6157,geoportal_toledo,Toledo,0.025,True,Fiscal,-0.4,1.5098,1.6251,1.5107,1.6417,1.4941,1.6325,1.4861,1.64,1.4751,1.6419,1.5048857142857142,1.6333285714285712,1.5041214285714286,1.6326142857142858,1.5082966666666666,1.6317833333333334,0.01290044296027719,0.011915915727259557,0.01497033880565426,0.01450473965734211,0.017065502272598076,0.01778240283467417,-0.021614285714285808,0.017628571428571327,-0.02237857142857136,0.01691428571428588,-0.01820333333333335,0.01608333333333345,0.05139999999999989,-0.0262,61.16035420779814,53.0153504702769,0.08919999999999995,0.1284428571428571,0.021910336764706696,0,22,6,2,173,26,1.2246467991473532e-16,-1.0,0.16280701293851715,-0.986657932891657,0.0,1.0,0,0,0,76.15895822529772,1.0806171396320026,2.257097402886778
2026-06-23,2026-06-23,1.5163,1.6262,geoportal_toledo,Toledo,0.0,False,Crude_Price,0.0,1.5265,1.6157,1.5098,1.6251,1.5107,1.6417,1.5031,1.6512,1.5039,1.6271,1.506657142857143,1.6332,1.50545,1.6339,1.5076733333333332,1.6317033333333335,0.013576187135672114,0.011998888837448098,0.015180491022767932,0.01288105346861562,0.01638443191555201,0.017802605065729907,-0.009642857142857064,0.006999999999999895,-0.010850000000000026,0.007699999999999818,-0.008626666666666782,0.005503333333333416,0.012399999999999967,-0.0008999999999999009,54.01207905255862,54.7518475361532,0.10990000000000011,0.12654285714285712,0.022990784903438817,1,23,6,2,174,26,1.2246467991473532e-16,-1.0,0.1457991969198751,-0.9893142039703663,0.7818314824680298,0.6234898018587336,0,0,0,75.03798632128482,1.082232481882502,2.130318138156892
2026-06-24,2026-06-24,1.524,1.619,geoportal_toledo,Toledo,0.0,False,Crude_Price,0.0,1.5163,1.6262,1.5265,1.6157,1.5098,1.6251,1.4941,1.6325,1.4861,1.64,1.5120714285714285,1.6302,1.5067214285714285,1.6345214285714285,1.5080633333333333,1.6312666666666666,0.011393377357876109,0.012624315162947413,0.015972870199735836,0.011821179075078287,0.01663568004545262,0.017952568413561156,-0.01192857142857151,0.011200000000000099,-0.017278571428571476,0.015521428571428464,-0.01593666666666671,0.012266666666666648,0.037900000000000045,-0.020999999999999908,53.852813526433174,52.23650348004571,0.09499999999999997,0.11812857142857143,0.022069565339754977,2,24,6,2,175,26,1.2246467991473532e-16,-1.0,0.12874817745258132,-0.99167731989929,0.9749279121818236,-0.22252093395631434,0,0,0,78.03193925582742,1.0802156951163502,2.294898833343341
2026-06-25,2026-06-25,1.4858,1.6119,geoportal_toledo,Toledo,0.0,False,Crude_Price,0.0,1.524,1.619,1.5163,1.6262,1.5265,1.6157,1.5107,1.6417,1.5031,1.6512,1.5096,1.6245857142857143,1.5053142857142858,1.6324857142857143,1.5069799999999998,1.62969,0.01497664849023049,0.01024279072835268,0.016927940360102738,0.013114223467009335,0.01700029208673894,0.017485725212492975,0.023800000000000043,0.012685714285714189,0.019514285714285817,0.020585714285714207,0.021179999999999755,0.017789999999999973,-0.017300000000000093,-0.03929999999999989,46.33147089436105,41.69096175879098,0.1261000000000001,0.11498571428571432,0.01834170371688782,3,25,6,2,176,26,1.2246467991473532e-16,-1.0,0.11165900712169512,-0.993746580436178,0.43388373911755823,-0.900968867902419,0,0,0,74.08101225946136,1.088606086445055,2.3242763539912175
2026-06-26,2026-06-26,1.4788,1.6538,geoportal_toledo,Toledo,0.0,False,Crude_Price,0.0,1.4858,1.6119,1.524,1.619,1.5163,1.6262,1.5098,1.6251,1.4941,1.6325,1.5074142857142856,1.6276285714285714,1.5044714285714285,1.6327571428571428,1.5063466666666665,1.6312633333333333,0.018351878066600137,0.01503060370108683,0.01797812468065009,0.013537112195487151,0.01769384723244248,0.01745995385176212,0.028614285714285703,-0.026171428571428512,0.025671428571428567,-0.02104285714285714,0.027546666666666608,-0.02253666666666665,-0.015300000000000091,0.021299999999999875,47.735993603874164,50.93228620556821,0.17500000000000004,0.12021428571428573,0.028520836159518483,4,26,6,2,177,26,1.2246467991473532e-16,-1.0,0.09453674981719912,-0.9955213724144752,-0.433883739117558,-0.9009688679024191,0,0,0,74.80896374381605,1.0877973817233626,2.2655003565619967
2026-06-27,2026-06-27,1.4869,1.6338,geoportal_toledo,Toledo,0.0,False,Crude_Price,0.0,1.4788,1.6538,1.4858,1.6119,1.524,1.619,1.5265,1.6157,1.5107,1.6417,1.5040142857142857,1.6265,1.5020928571428571,1.6316928571428573,1.5064,1.6314533333333332,0.01979001672320421,0.01406342774717718,0.017939919573001246,0.012750110966973335,0.017630518211718797,0.017455356520686815,0.017114285714285637,-0.007299999999999862,0.015192857142857008,-0.002107142857142641,0.01949999999999985,-0.002346666666666719,-0.02379999999999982,-0.007900000000000018,43.03638619719393,46.6516850997197,0.1468999999999998,0.12248571428571428,0.030111760082035977,5,27,6,2,178,26,1.2246467991473532e-16,-1.0,0.07738647923346301,-0.9970011699250151,-0.9749279121818236,-0.2225209339563146,1,0,0,73.52917857712244,1.086893550500648,2.3316652732776486
2026-06-28,2026-06-28,1.493,1.6429,geoportal_toledo,Toledo,0.0,False,Crude_Price,0.0,1.4869,1.6338,1.4788,1.6538,1.4858,1.6119,1.5163,1.6262,1.5098,1.6251,1.5016142857142858,1.6290428571428575,1.4995785714285714,1.6330571428571428,1.5050966666666665,1.6323466666666668,0.01998911608612821,0.015321102782641817,0.016400102184084022,0.01286197223096554,0.017102459660432893,0.017327827595960167,0.008614285714285685,-0.013857142857142568,0.006578571428571323,-0.009842857142857264,0.012096666666666422,-0.010553333333333192,-0.016799999999999926,0.017800000000000038,42.58010092912254,54.6202221748026,0.14989999999999992,0.12742857142857142,0.0315414919476824,6,28,6,2,179,26,1.2246467991473532e-16,-1.0,0.06021327736579302,-0.9981855344718586,-0.7818314824680299,0.6234898018587334,1,0,1,71.31550390197312,1.0830247203096446,2.4992902175265033
2026-06-29,2026-06-29,1.4981,1.6262,geoportal_toledo,Toledo,0.0,False,Crude_Price,0.0,1.493,1.6429,1.4869,1.6338,1.4788,1.6538,1.524,1.619,1.5265,1.6157,1.4975571428571428,1.630542857142857,1.5012214285714287,1.6319357142857143,1.5039233333333333,1.6316066666666666,0.01670936435484062,0.014275370064424987,0.014836865653419656,0.012715260797272712,0.01628893602361922,0.017091032803747304,-0.0005428571428571782,0.004342857142856982,0.0031214285714287193,0.005735714285714177,0.0058233333333332915,0.00540666666666656,-0.02839999999999998,0.010500000000000176,56.078223686524744,46.176327010974916,0.1281000000000001,0.1329857142857143,0.026745867504559047,0,29,6,2,180,27,1.2246467991473532e-16,-1.0,0.04302223300453059,-0.99907411510223,0.0,1.0,0,0,1,74.77054790622938,1.0901189817811303,2.2784642606091294
2026-06-30,2026-06-30,1.5218,1.628,geoportal_toledo,Toledo,0.0,False,Crude_Price,0.0,1.4981,1.6262,1.493,1.6429,1.4869,1.6338,1.4858,1.6119,1.5163,1.6262,1.4983428571428572,1.6308,1.5025,1.632,1.5045166666666667,1.6306800000000001,0.01782936315397017,0.01420011737041019,0.01582388652055563,0.01269118409944308,0.016612792813293708,0.016476658516276426,-0.023457142857142843,0.0028000000000001357,-0.019300000000000095,0.0040000000000000036,-0.017283333333333317,0.0026800000000002377,0.00550000000000006,0.0017999999999998018,54.86148790436675,50.23400899465617,0.10619999999999985,0.13245714285714283,0.02730878107513268,1,30,6,2,181,27,1.2246467991473532e-16,-1.0,0.02581844022713308,-0.9996666485105112,0.7818314824680298,0.6234898018587336,0,0,1,73.35579789100761,1.072693539659563,2.317711908403681
2026-07-01,2026-07-01,1.4952,1.6223,geoportal_toledo,Toledo,0.0,False,Crude_Price,0.0,1.5218,1.628,1.4981,1.6262,1.493,1.6429,1.4788,1.6538,1.524,1.619,1.4942285714285717,1.6312714285714287,1.50315,1.6307357142857142,1.5035433333333335,1.6305366666666667,0.013786553144967715,0.013791992155564085,0.015275810440543566,0.01271453481666568,0.016259314218334202,0.016531985368666416,-0.000971428571428401,0.00897142857142863,0.007949999999999902,0.008435714285714102,0.00834333333333337,0.00823666666666667,-0.028799999999999937,0.0033000000000000806,52.358734715903445,45.2188003062868,0.1271,0.1370428571428571,0.022185119422926825,2,1,7,3,182,27,-0.4999999999999997,-0.8660254037844388,0.008606996888688698,-0.9999629591162655,0.9749279121818236,-0.22252093395631434,0,1,0,77.92701291758475,1.080014843379271,2.3694661410693096
2026-07-02,2026-07-02,1.5022,1.6383,geoportal_toledo,Toledo,0.0,False,Crude_Price,0.0,1.4952,1.6223,1.5218,1.628,1.4981,1.6262,1.4869,1.6338,1.4858,1.6119,1.4965714285714284,1.635042857142857,1.5030857142857141,1.6298142857142857,1.50332,1.63088,0.013506136171595426,0.010923195067209191,0.015277930646367009,0.01152961785628214,0.016229186139747435,0.016584359062597417,-0.005628571428571538,-0.0032571428571430694,0.0008857142857141564,-0.00848571428571443,0.0011200000000000099,-0.007419999999999982,0.01639999999999997,0.02639999999999998,49.75396353386793,46.60347516985328,0.1361000000000001,0.13847142857142855,0.021679230789376485,3,2,7,3,183,27,-0.4999999999999997,-0.8660254037844388,-0.008606996888688009,-0.9999629591162655,0.43388373911755823,-0.900968867902419,0,1,0,76.41890774179315,1.0938559824744094,2.2515263760117272
2026-07-03,2026-07-03,1.5188,1.6302,geoportal_toledo,Toledo,0.03,True,Crude_Price,-0.35,1.5022,1.6383,1.4952,1.6223,1.5218,1.628,1.493,1.6429,1.4788,1.6538,1.5022857142857142,1.6316714285714284,1.50485,1.62965,1.5038166666666666,1.6318833333333334,0.013192223539066742,0.007164196695081093,0.015583558890456848,0.01150476489913758,0.016473700740632164,0.015535323117583781,-0.016514285714285704,0.001471428571428346,-0.013949999999999907,-0.0005500000000000504,-0.014983333333333348,0.001683333333333259,0.040000000000000036,-0.023599999999999843,56.482939217448205,49.3586164578803,0.11140000000000017,0.12938571428571427,0.016535862901728503,4,3,7,3,184,27,-0.4999999999999997,-0.8660254037844388,-0.02581844022713239,-0.9996666485105112,-0.433883739117558,-0.9009688679024191,0,1,0,71.1645093780762,1.0774720823984305,2.4676866628687506
2026-07-04,2026-07-04,1.4978,1.6378,geoportal_toledo,Toledo,0.0,False,Seasonal,0.0,1.5188,1.6302,1.5022,1.6383,1.4952,1.6223,1.4981,1.6262,1.4869,1.6338,1.503842857142857,1.6322428571428573,1.5039285714285715,1.6293714285714285,1.5039633333333335,1.6330099999999999,0.011623518850852835,0.007513289812700114,0.015592425605522974,0.011234591401375386,0.016397171398903187,0.014643448576302466,0.006042857142857017,-0.005557142857142594,0.006128571428571483,-0.008428571428571452,0.0061633333333335205,-0.004790000000000072,0.01089999999999991,0.0040000000000000036,46.69061023413622,48.90264452186999,0.1399999999999999,0.12840000000000001,0.015490427151416231,5,4,7,3,185,27,-0.4999999999999997,-0.8660254037844388,-0.04302223300453034,-0.99907411510223,-0.9749279121818236,-0.2225209339563146,1,0,0,77.13989703170738,1.0853980627717508,2.299826903282329
2026-07-05,2026-07-05,1.5066,1.6167,geoportal_toledo,Toledo,0.0,False,Seasonal,0.0,1.4978,1.6378,1.5188,1.6302,1.5022,1.6383,1.5218,1.628,1.493,1.6429,1.5057857142857143,1.6285,1.5037,1.6287714285714283,1.5033400000000001,1.6317133333333333,0.010600696293390187,0.00783836717691127,0.015523034992701922,0.011695129069653755,0.01590618183881992,0.014292214744355321,-0.0008142857142856563,0.011800000000000033,-0.0028999999999999027,0.012071428571428289,-0.0032599999999998186,0.015013333333333323,0.013599999999999834,-0.0262,49.211045025170286,47.69484046776742,0.11010000000000009,0.12271428571428575,0.013454048779881399,6,5,7,3,186,27,-0.4999999999999997,-0.8660254037844388,-0.060213277365792774,-0.9981855344718586,-0.7818314824680299,0.6234898018587334,1,0,0,74.0935950551448,1.0682188001138482,2.409419893363441
2026-07-06,2026-07-06,1.4776,1.6281,geoportal_toledo,Toledo,0.0,False,Seasonal,0.0,1.5066,1.6167,1.4978,1.6378,1.5188,1.6302,1.4952,1.6223,1.4981,1.6262,1.502857142857143,1.6287714285714288,1.5002071428571429,1.6296571428571427,1.5018033333333334,1.6310433333333334,0.014997650609661137,0.007778113371449979,0.015499650829106522,0.011082537496550585,0.016097086550125907,0.013959959572444473,0.025257142857142867,0.0006714285714286561,0.022607142857142826,0.0015571428571425905,0.024203333333333354,0.002943333333333298,-0.020499999999999963,0.0019000000000000128,38.63319361187136,53.36590621763162,0.15050000000000008,0.12591428571428573,0.0171144606080578,0,6,7,3,187,28,-0.4999999999999997,-0.8660254037844388,-0.07738647923346322,-0.9970011699250151,0.0,1.0,0,0,0,74.27015105841653,1.0784497914359874,2.5102656091835387
2026-07-07,2026-07-07,1.4627,1.6296,geoportal_toledo,Toledo,0.0,False,Seasonal,0.0,1.4776,1.6281,1.5066,1.6167,1.4978,1.6378,1.5022,1.6383,1.5218,1.628,1.4944142857142855,1.629,1.4963785714285716,1.6299000000000003,1.4998133333333332,1.6302033333333332,0.018727735988049173,0.007775174167400743,0.01768463820866828,0.011038115781228758,0.0171206818534303,0.013219720987540578,0.031714285714285584,-0.0005999999999999339,0.03367857142857167,0.00030000000000041105,0.03711333333333333,0.0006033333333332891,-0.05910000000000015,0.0016000000000000458,37.80709712042793,50.970319227406094,0.16690000000000005,0.13458571428571434,0.020503042747474373,1,7,7,3,188,28,-0.4999999999999997,-0.8660254037844388,-0.09453674981719933,-0.9955213724144752,0.7818314824680298,0.6234898018587336,0,0,0,76.19071755259539,1.0768823396695297,2.3442231521840693
2026-07-08,2026-07-08,1.4973,1.6184,geoportal_toledo,Toledo,0.0,False,Seasonal,0.0,1.4627,1.6296,1.4776,1.6281,1.5066,1.6167,1.5188,1.6302,1.4952,1.6223,1.4947142857142857,1.628442857142857,1.4944714285714285,1.629857142857143,1.5006866666666667,1.63066,0.01875921360926601,0.008446075448175317,0.01581792695604836,0.01108475837046887,0.016251678604722885,0.012526815375353443,-0.0025857142857144133,0.01004285714285702,-0.0028285714285716246,0.011457142857142832,0.003386666666666649,0.012259999999999938,0.0020999999999999908,-0.0039000000000000146,44.588568859246074,49.832588896397205,0.12109999999999999,0.13372857142857147,0.020987830941263254,2,8,7,3,189,28,-0.4999999999999997,-0.8660254037844388,-0.11165900712169444,-0.9937465804361781,0.9749279121818236,-0.22252093395631434,0,0,0,76.32868346699392,1.0829589694123605,2.3164451837143814
2026-07-09,2026-07-09,1.4939,1.6126,geoportal_toledo,Toledo,0.0,False,Seasonal,0.0,1.4973,1.6184,1.4627,1.6296,1.4776,1.6281,1.4978,1.6378,1.5022,1.6383,1.4935285714285715,1.6247714285714285,1.4950499999999998,1.6299071428571428,1.50056,1.6308066666666667,0.018467242555915805,0.009013825359918348,0.01562329375299504,0.010998773657905381,0.016290521889989244,0.012278069412805214,-0.0003714285714284671,0.0121714285714285,0.0011499999999997623,0.017307142857142743,0.006659999999999888,0.018206666666666704,-0.008299999999999974,-0.025700000000000056,51.91127856217183,50.1967393464,0.11870000000000003,0.1312428571428572,0.021679164893422205,3,9,7,3,190,28,-0.4999999999999997,-0.8660254037844388,-0.12874817745258066,-0.99167731989929,0.43388373911755823,-0.900968867902419,0,0,0,75.86993366154866,1.0815424102740927,2.404299143376444
2026-07-10,2026-07-10,1.5054,1.6209,geoportal_toledo,Toledo,0.02,True,Seasonal,-0.2,1.4939,1.6126,1.4973,1.6184,1.4627,1.6296,1.5066,1.6167,1.5188,1.6302,1.4916142857142858,1.6234428571428572,1.49695,1.6275571428571427,1.5005333333333333,1.63116,0.015931460340201625,0.008762202375900877,0.015103883861191702,0.008795078543891909,0.01628162351756602,0.011811233694209368,-0.01378571428571429,0.00254285714285718,-0.008450000000000069,0.006657142857142695,-0.004866666666666797,0.010259999999999936,-0.013399999999999856,-0.009300000000000086,56.14602551476697,38.60013822563965,0.11549999999999994,0.13182857142857143,0.02110139918628735,4,10,7,3,191,28,-0.4999999999999997,-0.8660254037844388,-0.14579919691987442,-0.9893142039703664,-0.433883739117558,-0.9009688679024191,0,0,0,72.42033104101002,1.0789988033740365,2.238485094650961
2026-07-11,2026-07-11,1.5179,1.6188,geoportal_toledo,Toledo,0.0,False,FX,0.0,1.5054,1.6209,1.4939,1.6126,1.4973,1.6184,1.4776,1.6281,1.4978,1.6378,1.4944857142857144,1.6207285714285715,1.499164285714286,1.626485714285714,1.5009466666666667,1.63044,0.018787533860818655,0.006117111051720956,0.015774644072195358,0.008889220537148761,0.01656695367359167,0.01188666595753923,-0.02341428571428561,0.0019285714285715017,-0.018735714285714078,0.007685714285714074,-0.016953333333333376,0.011639999999999873,0.020100000000000007,-0.018999999999999906,57.01992717469248,44.06645520812471,0.10089999999999999,0.12624285714285716,0.023604438646354725,5,11,7,3,192,28,-0.4999999999999997,-0.8660254037844388,-0.16280701293851646,-0.9866579328916572,-0.9749279121818236,-0.2225209339563146,1,0,0,74.74662504961756,1.0769205112039746,2.3321940239327663
2026-07-12,2026-07-12,1.5235,1.6124,geoportal_toledo,Toledo,0.0,False,FX,0.0,1.5179,1.6188,1.5054,1.6209,1.4939,1.6126,1.4627,1.6296,1.5066,1.6167,1.4969,1.6201142857142856,1.501342857142857,1.624307142857143,1.5020433333333334,1.6291866666666666,0.021494572958461827,0.006770137510036102,0.016922207270363535,0.008273076284467896,0.01694308287978346,0.011734438949995759,-0.02660000000000018,0.0077142857142855625,-0.022157142857142986,0.011907142857142894,-0.02145666666666668,0.016786666666666505,0.016900000000000137,-0.0042999999999999705,56.922378212930866,37.671786154078326,0.08889999999999998,0.12321428571428572,0.02711920774232591,6,12,7,3,193,28,-0.4999999999999997,-0.8660254037844388,-0.17976658572556214,-0.9837092937736098,-0.7818314824680299,0.6234898018587334,1,0,0,77.88130625651068,1.0719061837154635,2.387607267803731
2026-07-13,2026-07-13,1.4904,1.6194,geoportal_toledo,Toledo,0.0,False,FX,0.0,1.5235,1.6124,1.5179,1.6188,1.5054,1.6209,1.4973,1.6184,1.4776,1.6281,1.4987285714285716,1.6188714285714287,1.500792857142857,1.6238214285714285,1.5010499999999998,1.62821,0.020076745609925926,0.005786972232443928,0.017159185218496964,0.008352630039171157,0.01671389572615469,0.011264235437876446,0.008328571428571685,-0.0005285714285712118,0.010392857142857093,0.004421428571428576,0.010649999999999826,0.008809999999999985,0.012799999999999923,-0.008700000000000152,48.449456029684896,47.01754328224062,0.129,0.12014285714285713,0.024615838880881626,0,13,7,3,194,29,-0.4999999999999997,-0.8660254037844388,-0.19667288979357622,-0.9804691603616321,0.0,1.0,0,0,0,75.97964738788106,1.0801473135884598,2.5985685858038505
2026-07-14,2026-07-14,1.4771,1.604,geoportal_toledo,Toledo,0.0,False,FX,0.0,1.4904,1.6194,1.5235,1.6124,1.5179,1.6188,1.4939,1.6126,1.4627,1.6296,1.5007857142857144,1.6152142857142857,1.4976,1.622107142857143,1.4993466666666666,1.6275499999999998,0.0161171160128413,0.005963340387017909,0.017108297581989382,0.009771423350032312,0.016453397790441783,0.012081925799904305,0.02368571428571431,0.011214285714285621,0.020499999999999963,0.018107142857142877,0.022246666666666526,0.023549999999999738,0.01440000000000019,-0.025599999999999845,40.60529610404619,40.59561083986008,0.1269,0.11442857142857142,0.014528674438928664,1,14,7,3,195,29,-0.4999999999999997,-0.8660254037844388,-0.2135209154397959,-0.9769384927771817,0.7818314824680298,0.6234898018587336,0,0,0,72.50635179841485,1.0875531281700264,2.4658052692613386
2026-07-15,2026-07-15,1.4792,1.5968,geoportal_toledo,Toledo,0.0,False,FX,0.0,1.4771,1.604,1.4904,1.6194,1.5235,1.6124,1.5054,1.6209,1.4973,1.6184,1.4982000000000002,1.6121285714285716,1.4964571428571427,1.6202857142857143,1.4994833333333335,1.6260466666666666,0.01809953958898672,0.008903691048419706,0.01780132727487796,0.011881521344104008,0.016260955634920714,0.013005376430225412,0.019000000000000128,0.01532857142857158,0.017257142857142638,0.023485714285714332,0.02028333333333343,0.029246666666666643,-0.018100000000000005,-0.021600000000000064,46.251171205474975,40.12393449904324,0.11759999999999993,0.1139285714285714,0.014319533777991713,2,15,7,3,196,29,-0.4999999999999997,-0.8660254037844388,-0.23030567023061196,-0.973118337233262,0.9749279121818236,-0.22252093395631434,0,0,0,79.54952310411338,1.0826174409408307,2.191682413417952
2026-07-16,2026-07-16,1.4662,1.6164,geoportal_toledo,Toledo,0.0,False,FX,0.0,1.4792,1.5968,1.4771,1.604,1.4904,1.6194,1.5179,1.6188,1.4939,1.6126,1.4942428571428572,1.6126714285714285,1.4938857142857143,1.6187214285714286,1.4982266666666668,1.6256899999999999,0.021838258259520175,0.009051834857403879,0.019433272702047845,0.010711401443274192,0.017329503113501465,0.013121694329196732,0.028042857142857258,-0.0037285714285715255,0.027685714285714313,0.0023214285714285854,0.03202666666666687,0.009289999999999798,-0.027700000000000058,0.0038000000000000256,41.79580647896933,41.748304005669695,0.1502000000000001,0.11842857142857142,0.019922325356720977,3,16,7,3,197,29,-0.4999999999999997,-0.8660254037844388,-0.24702218048093527,-0.9690098257244063,0.43388373911755823,-0.900968867902419,0,0,0,72.80967225887683,1.0777376109318126,2.4186745673396945
2026-07-17,2026-07-17,1.5251,1.6202,geoportal_toledo,Toledo,0.0,False,FX,0.0,1.4662,1.6164,1.4792,1.5968,1.4771,1.604,1.5235,1.6124,1.5054,1.6209,1.4970571428571429,1.6125714285714285,1.4943357142857145,1.6180071428571428,1.4995266666666667,1.62503,0.024609270417388602,0.008949062201466232,0.020115535792512424,0.010208704000141039,0.01784362985596602,0.012872696312145914,-0.028042857142857036,-0.00762857142857154,-0.030764285714285355,-0.0021928571428573296,-0.025573333333333226,0.00482999999999989,0.01969999999999983,-0.0006999999999999229,51.20366804858565,46.10591850040274,0.09510000000000018,0.11551428571428575,0.02182349105676634,4,17,7,3,198,29,-0.4999999999999997,-0.8660254037844388,-0.2636654927280072,-0.9646141756912435,-0.433883739117558,-0.9009688679024191,0,0,0,77.13488617839086,1.0845787667645554,2.3431606111926673
2026-07-18,2026-07-18,1.4831,1.6219,geoportal_toledo,Toledo,0.01,True,FX,-0.25,1.5251,1.6202,1.4662,1.6164,1.4792,1.5968,1.4904,1.6194,1.5179,1.6188,1.4920857142857145,1.6130142857142857,1.493285714285714,1.6168714285714285,1.49886,1.6240533333333333,0.023169910701268222,0.009375220632324387,0.020303575173728307,0.00859413293351831,0.018077602831622054,0.011892905254907455,0.008985714285714375,-0.008885714285714164,0.01018571428571402,-0.005028571428571382,0.015759999999999996,0.0021533333333334514,-0.03479999999999994,0.0030999999999998806,47.400070511637445,43.51020358437314,0.1387999999999998,0.12092857142857143,0.022289886666805758,5,18,7,3,199,29,-0.4999999999999997,-0.8660254037844388,-0.2802306751992161,-0.9599326896597445,-0.9749279121818236,-0.2225209339563146,1,0,0,75.72176639700729,1.0821123777954391,2.290129900642001
2026-07-19,2026-07-19,1.5015,1.6433,geoportal_toledo,Toledo,0.0,False,Macro,0.0,1.4831,1.6219,1.5251,1.6202,1.4662,1.6164,1.4771,1.604,1.5235,1.6124,1.4889428571428573,1.6174285714285717,1.4929214285714285,1.6187714285714285,1.4991066666666666,1.6244133333333335,0.019380820170368983,0.014763774843144523,0.02009095389899399,0.01112194148597436,0.01806089189635698,0.012313427863395036,-0.012557142857142711,-0.025871428571428323,-0.008578571428571546,-0.024528571428571455,-0.0023933333333334694,-0.018886666666666496,-0.02200000000000002,0.030899999999999928,49.12760838597795,60.83061819899948,0.14179999999999993,0.1284857142857143,0.01821651526970585,6,19,7,3,200,29,-0.4999999999999997,-0.8660254037844388,-0.2967128192734901,-0.9549667548552553,-0.7818314824680299,0.6234898018587334,1,0,0,76.44539982495834,1.0826332257514766,2.2239214690883244
2026-07-20,2026-07-20,1.4641,1.6108,geoportal_toledo,Toledo,0.0,False,Macro,0.0,1.5015,1.6433,1.4831,1.6219,1.5251,1.6202,1.4792,1.5968,1.4904,1.6194,1.4851857142857143,1.6161999999999999,1.4919571428571428,1.6175357142857145,1.4975533333333333,1.6233833333333334,0.021486152794410723,0.014929277723096563,0.02117748130174574,0.010965723319140792,0.01900848691276031,0.012108221297466089,0.021085714285714374,0.005399999999999849,0.027857142857142803,0.006735714285714511,0.033453333333333335,0.01258333333333339,-0.02629999999999999,-0.008599999999999941,47.755237556177796,43.98888073951049,0.14670000000000005,0.13101428571428572,0.019484132738498448,0,20,7,3,201,30,-0.4999999999999997,-0.8660254037844388,-0.3131070409358267,-0.9497178427914317,0.0,1.0,0,0,0,75.33197585200092,1.0821720654880853,2.1822124600918005
2026-07-21,2026-07-21,1.4918,1.643,geoportal_toledo,Toledo,0.0,False,Macro,0.0,1.4641,1.6108,1.5015,1.6433,1.4831,1.6219,1.4662,1.6164,1.4771,1.604,1.4872857142857143,1.6217714285714286,1.4940357142857141,1.6184928571428574,1.4969533333333334,1.62398,0.021281559198159293,0.016780019297339514,0.019441969160433156,0.01256756902541806,0.01889232161731028,0.01262570994930757,-0.004514285714285693,-0.021228571428571374,0.002235714285714119,-0.024507142857142616,0.005153333333333343,-0.019020000000000037,0.014699999999999935,0.038999999999999924,54.64114808134736,53.837342065450905,0.1512,0.1344857142857143,0.020752383684083803,1,21,7,3,202,30,-0.4999999999999997,-0.8660254037844388,-0.3294084822245302,-0.9441875088341994,0.7818314824680298,0.6234898018587336,0,0,0,73.63378742878727,1.0838861724705804,2.360839287309603
2026-07-22,2026-07-22,1.4838,1.5938,geoportal_toledo,Toledo,0.0,False,Macro,0.0,1.4918,1.643,1.4641,1.6108,1.5015,1.6433,1.5251,1.6202,1.4792,1.5968,1.487942857142857,1.6213428571428572,1.4930714285714288,1.6167357142857142,1.49553,1.62325,0.021060140640782026,0.017544976217602187,0.019601743586947145,0.014195806918445951,0.01818478238376144,0.013707706113586517,0.004142857142857004,0.02754285714285709,0.00927142857142882,0.02293571428571406,0.011730000000000018,0.029449999999999976,0.0045999999999999375,-0.0029999999999998916,47.64726362249504,44.21448700893564,0.1100000000000001,0.13340000000000002,0.021947437208020386,2,22,7,3,203,30,-0.4999999999999997,-0.8660254037844388,-0.3456123126707333,-0.9383773917408642,0.9749279121818236,-0.22252093395631434,0,0,0,74.81158053688776,1.0726807055436363,2.137608801932417
2026-07-23,2026-07-23,1.4638,1.6154,geoportal_toledo,Toledo,0.0,False,Macro,0.0,1.4838,1.5938,1.4918,1.643,1.4641,1.6108,1.4831,1.6219,1.4662,1.6164,1.4876,1.6212,1.4909214285714287,1.6169357142857144,1.49378,1.6228900000000002,0.02148829138546529,0.017595927559145665,0.021097545557991034,0.014152716898329401,0.01863758531051772,0.01376923983076577,0.023800000000000043,0.005800000000000027,0.02712142857142874,0.001535714285714418,0.029980000000000118,0.007490000000000219,-0.0023999999999999577,-0.001000000000000112,45.04118595368151,50.61295940955277,0.15159999999999996,0.1336,0.022131651542530596,3,23,7,3,204,30,-0.4999999999999997,-0.8660254037844388,-0.3617137307297674,-0.9322892131745134,0.43388373911755823,-0.900968867902419,0,0,0,71.092646292887,1.088124284825093,2.3643975662346595
2026-07-24,2026-07-24,1.4828,1.6401,geoportal_toledo,Toledo,0.0,False,Macro,0.0,1.4638,1.6154,1.4838,1.5938,1.4918,1.643,1.5015,1.6433,1.5251,1.6202,1.481557142857143,1.6240428571428571,1.489307142857143,1.618307142857143,1.4924066666666667,1.6235933333333332,0.013733518260428866,0.018961966946396663,0.020766521292539353,0.015438287284720758,0.01783464148172134,0.01409864100404097,-0.001242857142856879,-0.01605714285714277,0.0065071428571430445,-0.021792857142856947,0.009606666666666763,-0.01650666666666667,-0.042300000000000004,0.019899999999999807,46.366559276806456,53.92156831907598,0.1573,0.14248571428571427,0.01562907851532189,4,24,7,3,205,30,-0.4999999999999997,-0.8660254037844388,-0.37770796520396466,-0.9259247771938499,-0.433883739117558,-0.9009688679024191,0,0,0,71.82410846555072,1.0813780342687815,2.417639871927269
2026-07-25,2026-07-25,1.4837,1.6351,geoportal_toledo,Toledo,0.015,True,Macro,-0.3,1.4828,1.6401,1.4638,1.6154,1.4838,1.5938,1.4641,1.6108,1.4831,1.6219,1.481642857142857,1.6259285714285714,1.4868642857142855,1.6194714285714287,1.4923366666666669,1.6243666666666667,0.013746618631850267,0.019365408532202633,0.019087998933801163,0.016079630141715217,0.01786556084671686,0.01407137797661716,-0.0020571428571429795,-0.009171428571428608,0.0031642857142855085,-0.015628571428571325,0.008636666666666848,-0.010733333333333261,0.0005999999999999339,0.0132000000000001,44.288576947214395,53.29027018729763,0.15139999999999998,0.1442857142857143,0.015857745591290596,5,25,7,3,206,30,-0.4999999999999997,-0.8660254037844388,-0.39359027665646645,-0.9192859697186105,-0.9749279121818236,-0.2225209339563146,1,0,0,72.64130972657934,1.0727616906492816,2.4154843629587686
2026-07-26,2026-07-26,1.502,1.6362,geoportal_toledo,Toledo,0.0,False,Supply,0.0,1.4837,1.6351,1.4828,1.6401,1.4638,1.6154,1.4918,1.643,1.5015,1.6433,1.4817142857142858,1.6249142857142858,1.4853285714285713,1.6211714285714287,1.4931100000000002,1.62378,0.01386775980123577,0.018469111923374904,0.01661896176390045,0.016526409101860012,0.01776121986335428,0.013137847406735435,-0.02028571428571424,-0.011285714285714343,-0.01667142857142867,-0.015028571428571391,-0.008889999999999842,-0.012420000000000098,0.0004999999999999449,-0.007099999999999884,46.55559094784418,54.909240606959855,0.1342000000000001,0.14320000000000002,0.016310017371746338,6,26,7,3,207,30,-0.4999999999999997,-0.8660254037844388,-0.4093559588156211,-0.9123747579707274,-0.7818314824680299,0.6234898018587334,1,0,0,75.01342093525595,1.0785182542507155,2.2700662114959407
2026-07-27,2026-07-27,1.4967,1.6155,geoportal_toledo,Toledo,0.0,False,Supply,0.0,1.502,1.6362,1.4837,1.6351,1.4828,1.6401,1.4838,1.5938,1.4641,1.6108,1.4863714285714285,1.6255857142857142,1.4857785714285714,1.6208928571428574,1.4934366666666667,1.6231700000000002,0.01235835942263566,0.01794857734115677,0.01685052743166718,0.016591307468561012,0.01773316556397838,0.013081288294666612,-0.010328571428571465,0.010085714285714253,-0.010921428571428526,0.005392857142857421,-0.0032633333333331738,0.007670000000000288,0.03259999999999996,0.0046999999999999265,51.10798427171587,49.238578411034716,0.11880000000000002,0.13921428571428573,0.01856523889526055,0,27,7,3,208,31,-0.4999999999999997,-0.8660254037844388,-0.42500033996955394,-0.9051931898913975,0.0,1.0,0,0,0,74.64529068032039,1.082422006353727,2.416500182056204
2026-07-28,2026-07-28,1.4908,1.6053,geoportal_toledo,Toledo,0.0,False,Supply,0.0,1.4967,1.6155,1.502,1.6362,1.4837,1.6351,1.4638,1.6154,1.4918,1.643,1.4862285714285712,1.6202,1.4867571428571427,1.6209857142857143,1.4933633333333336,1.6219166666666667,0.012290743710304152,0.017502952131950893,0.01670493774472193,0.016492835607422745,0.017739581368407913,0.012926078513881584,-0.004571428571428671,0.014900000000000135,-0.004042857142857237,0.015685714285714303,0.002563333333333695,0.016616666666666724,-0.001000000000000112,-0.03770000000000007,52.47381699724322,50.259067077071734,0.11450000000000005,0.1339714285714286,0.01975995228449992,1,28,7,3,209,31,-0.4999999999999997,-0.8660254037844388,-0.4405187843504952,-0.8977433935342336,0.7818314824680298,0.6234898018587336,0,0,1,72.3765857043291,1.0777025931571227,2.473160345502977
2026-07-29,2026-07-29,1.4853,1.6097,geoportal_toledo,Toledo,0.0,False,Supply,0.0,1.4908,1.6053,1.4967,1.6155,1.502,1.6362,1.4828,1.6401,1.4838,1.5938,1.486442857142857,1.6224714285714283,1.4871928571428572,1.621907142857143,1.4929366666666666,1.6213666666666666,0.012254367540168018,0.014231972724084718,0.016571684111332894,0.015359059681033706,0.017775622271143265,0.013087565389177477,0.00114285714285689,0.012771428571428434,0.0018928571428571406,0.012207142857143083,0.007636666666666514,0.011666666666666714,0.0015000000000000568,0.015899999999999803,51.08811961639898,52.599757865217,0.12439999999999984,0.13602857142857142,0.017464699089469453,2,29,7,3,210,31,-0.4999999999999997,-0.8660254037844388,-0.455906693508459,-0.8900275764346766,0.9749279121818236,-0.22252093395631434,0,0,1,76.14541288153542,1.073272497832639,2.4301038286369754
2026-07-30,2026-07-30,1.4899,1.6059,geoportal_toledo,Toledo,0.0,False,Supply,0.0,1.4853,1.6097,1.4908,1.6053,1.4967,1.6155,1.4837,1.6351,1.4638,1.6154,1.4901714285714287,1.6211142857142857,1.4888857142857144,1.6211571428571427,1.4918733333333334,1.62063,0.007105799107234515,0.015421892293256297,0.01543367233545939,0.01589565563705103,0.016923171899096298,0.01332120813615642,0.00027142857142870014,0.015214285714285625,-0.0010142857142856343,0.015257142857142636,0.0019733333333333825,0.01472999999999991,0.026100000000000012,-0.009499999999999842,54.358219653911355,47.73999110272929,0.1160000000000001,0.13094285714285717,0.01735759748571761,3,30,7,3,211,31,-0.4999999999999997,-0.8660254037844388,-0.47115950767386394,-0.8820480249558535,0.43388373911755823,-0.900968867902419,0,0,1,70.54621570158332,1.077896701051994,2.4491803340351237
2026-07-31,2026-07-31,1.4816,1.6221,geoportal_toledo,Toledo,0.0,False,Supply,0.0,1.4899,1.6059,1.4853,1.6097,1.4908,1.6053,1.502,1.6362,1.4828,1.6401,1.49,1.6185428571428573,1.4857785714285714,1.621292857142857,1.49142,1.6206233333333333,0.0073243884841439535,0.013046309458088675,0.01144560235142334,0.015894966028739684,0.01701290382479279,0.013320393577420103,0.008399999999999963,-0.0035571428571428143,0.004178571428571365,-0.0008071428571430062,0.00981999999999994,-0.0014766666666667927,-0.0011999999999998678,-0.017999999999999794,40.17171235318395,50.38823019802402,0.14050000000000007,0.12854285714285715,0.0139286105005557,4,31,7,3,212,31,-0.4999999999999997,-0.8660254037844388,-0.4862727071086902,-0.8738071036110807,-0.433883739117558,-0.9009688679024191,0,0,1,69.68316928496019,1.0720206375855086,2.1099523786768635
2026-08-01,2026-08-01,1.4971,1.6322,geoportal_toledo,Toledo,0.025,True,Supply,-0.35,1.4816,1.6221,1.4899,1.6059,1.4853,1.6097,1.4967,1.6155,1.4837,1.6351,1.4919142857142857,1.6181285714285714,1.4867785714285715,1.6220285714285716,1.49125,1.62042,0.007152488744352288,0.012466049131637607,0.011799685691478112,0.01616137030420782,0.016926733599391005,0.013085749026559776,-0.005185714285714349,-0.014071428571428735,-0.010321428571428592,-0.010171428571428498,-0.005850000000000133,-0.011780000000000124,0.013400000000000079,-0.0028999999999999027,53.59342877294251,52.03476857823522,0.1351,0.12621428571428575,0.010381301872666487,5,1,8,3,213,31,-0.8660254037844384,-0.5000000000000004,-0.5012418134457756,-0.8653072543632061,-0.9749279121818236,-0.2225209339563146,1,1,0,71.59079206161196,1.0794681342126307,2.3371591363797863
2026-08-02,2026-08-02,1.4918,1.6102,geoportal_toledo,Toledo,0.0,False,Supply,0.0,1.4971,1.6322,1.4816,1.6221,1.4899,1.6059,1.4908,1.6053,1.502,1.6362,1.4904571428571427,1.6144142857142858,1.4860857142857145,1.6196642857142858,1.4903499999999998,1.6197533333333334,0.005632896573657035,0.00976497628797754,0.011134828045573435,0.01520286446403899,0.016109447859711107,0.013079774682578786,-0.0013428571428573122,0.004214285714285726,-0.005714285714285561,0.009464285714285703,-0.0014500000000001734,0.009553333333333303,-0.010199999999999987,-0.026000000000000023,47.330764632564275,43.47654686295955,0.11840000000000006,0.12395714285714288,0.01006857440138325,6,2,8,3,214,31,-0.8660254037844384,-0.5000000000000004,-0.5160623910158526,-0.8565509959010037,-0.7818314824680299,0.6234898018587334,1,1,0,73.66138781619885,1.0791109336134903,2.3823029501753235
2026-08-03,2026-08-03,1.481,1.5946,geoportal_toledo,Toledo,0.0,False,Supply,0.0,1.4918,1.6102,1.4971,1.6322,1.4816,1.6221,1.4853,1.6097,1.4967,1.6155,1.4882142857142855,1.6114285714285717,1.487292857142857,1.6185071428571427,1.48979,1.6183133333333335,0.0058541804355029545,0.012255300116780785,0.009339285451646777,0.01649137137021015,0.016133523676085726,0.013398577725168179,0.0072142857142853956,0.016828571428571637,0.006292857142856878,0.023907142857142683,0.008789999999999853,0.023713333333333475,-0.015699999999999825,-0.02089999999999992,55.44809750079092,46.57939161650697,0.11359999999999992,0.12321428571428572,0.010685415070931735,0,3,8,3,215,32,-0.8660254037844384,-0.5000000000000004,-0.5307300481619331,-0.8475409228928312,0.0,1.0,0,1,0,75.41361664577045,1.087000990956158,2.3835544700390425
2026-08-04,2026-08-04,1.4866,1.6158,geoportal_toledo,Toledo,0.0,False,Supply,0.0,1.481,1.5946,1.4918,1.6102,1.4971,1.6322,1.4899,1.6059,1.4908,1.6053,1.487614285714286,1.6129285714285717,1.4869214285714285,1.6165642857142857,1.4891233333333334,1.6182833333333335,0.005759464260799491,0.012020498365391284,0.009249214400858952,0.014910327197708436,0.01582522393660194,0.013403321341682718,0.0010142857142860784,-0.0028714285714281917,0.0003214285714285836,0.0007642857142857729,0.002523333333333433,0.002483333333333615,-0.0041999999999999815,0.010499999999999954,48.04511227621683,43.9769704979284,0.12919999999999998,0.1253142857142857,0.01011672354263451,1,4,8,3,216,32,-0.8660254037844384,-0.5000000000000004,-0.5452404385406507,-0.8382797052177745,0.7818314824680298,0.6234898018587336,0,0,0,74.17062703070599,1.0887438927337183,2.4433925308931874
